ads_id,user_id,car_id,title,posting_date,year_built,color,mileage,price
1,160,247,Jual mobil bagus,1992-03-13,1970,Biru laut,53900,660000000
2,662,343,Jual cepat,1984-01-30,1992,Zaitun,172700,1104000000
3,313,19,Butuh uang,2012-06-15,1973,Biru muda,63500,311000000
4,406,20,Jual murah,1982-05-31,2009,Koral,130300,837000000
5,623,25,Jual cepat,1998-05-08,2016,Kuning,191600,1217000000
6,564,97,Jual mobil second,1995-09-11,1987,Hijau muda,25900,1973000000
7,512,266,Jual murah,1995-06-02,1980,Merah jambu,170300,1845000000
8,231,167,Jual cepat,1996-09-10,1999,Perak,86600,209000000
9,377,160,Jual cepat,2002-03-14,1991,Kuning,104500,1746000000
10,122,28,Jual cepat,1984-04-09,2023,Jingga,22800,1490000000
11,191,318,Jual cepat,1976-08-10,1971,Zaitun,79100,1975000000
12,641,29,Jual cepat,1976-11-03,2009,Coklat,176800,865000000
13,144,162,Jual mobil bagus,1995-04-09,1973,Emas,33700,1601000000
14,229,75,Jual murah,1981-07-29,1999,Hitam,125700,652000000
15,267,146,Jual murah,2009-03-20,1974,Biru,55700,1704000000
16,145,226,Jual mobil second,2023-07-23,1982,Hitam,96500,1644000000
17,522,123,Jual mobil,2007-11-03,1970,Zaitun,52600,1360000000
18,340,96,Jual cepat,2011-04-15,2018,Merah jambu,70600,1155000000
19,350,221,Jual murah,1992-06-16,1984,Biru laut,116600,1569000000
20,64,331,Butuh uang,2002-12-24,1981,Hijau muda,85100,1208000000
21,327,331,Jual mobil bagus,2000-04-15,1975,Perak,34300,411000000
22,600,218,Jual murah,1997-02-22,1981,Coklat tua,191400,341000000
23,174,245,Jual mobil second,1978-07-22,1981,Merah,12300,712000000
24,11,319,Jual murah,1974-08-09,1975,Biru,75000,390000000
25,623,195,Jual mobil bagus,1996-12-12,1996,Biru laut,198800,526000000
26,225,36,Butuh uang,1980-06-20,2016,Biru laut,125000,1796000000
27,329,205,Jual mobil bagus,1990-03-02,1970,Biru dongker,107600,241000000
28,6,110,Jual mobil,1998-08-06,1993,Merah jambu,10200,1452000000
29,411,97,Butuh uang,1995-10-03,2014,Merah jambu,49600,1935000000
30,661,82,Butuh uang,2003-02-11,1975,Biru laut,3800,465000000
31,567,345,Jual murah,2004-09-15,1975,Hitam,116600,667000000
32,624,100,Butuh uang,1980-06-12,1979,Biru,143600,560000000
33,260,150,Jual mobil,1992-02-27,1979,Putih,23800,1788000000
34,649,54,Jual mobil bagus,1972-06-28,1972,Merah jambu,163500,1641000000
35,327,148,Jual mobil bagus,2013-08-27,1988,Zaitun,162800,753000000
36,421,5,Jual mobil,1974-02-19,1996,Jingga,10700,1579000000
37,514,242,Jual mobil second,2012-12-18,2001,Hijau tua,186800,1989000000
38,460,199,Butuh uang,2013-11-21,1999,Emas,192400,1076000000
39,302,310,Jual mobil bagus,1979-07-13,1982,Merah,105700,1264000000
40,384,96,Jual mobil second,2018-12-29,1975,Zaitun,194800,820000000
41,400,328,Butuh uang,2007-09-02,2001,Zaitun,165600,1827000000
42,521,231,Jual mobil,1977-10-26,1975,Hijau tua,36000,253000000
43,496,293,Jual cepat,2022-05-29,2003,Biru laut,39500,335000000
44,149,137,Jual mobil,2015-04-22,2018,Magenta,85300,918000000
45,252,139,Butuh uang,1994-01-05,2004,Magenta,99500,1288000000
46,359,47,Butuh uang,1998-09-14,1974,Putih,400,835000000
47,314,180,Jual mobil second,1976-11-29,2021,Koral,3000,400000000
48,306,65,Butuh uang,2001-11-16,1986,Perak,122800,1468000000
49,414,284,Jual mobil second,1988-04-21,2002,Hijau muda,127200,712000000
50,312,56,Jual cepat,2002-12-10,2014,Koral,41800,1342000000
51,608,273,Butuh uang,2022-06-10,2016,Zaitun,133100,693000000
52,194,144,Jual murah,1988-01-30,2012,Hijau muda,102700,1760000000
53,92,80,Jual cepat,2016-09-10,1974,Ungu,193700,745000000
54,645,154,Butuh uang,1992-06-30,2019,Hijau,168500,1875000000
55,617,294,Jual mobil,2012-01-09,1995,Ungu tua,143900,912000000
56,410,267,Jual mobil,2001-02-08,1970,Hijau,96500,1164000000
57,153,127,Jual mobil second,1978-08-31,1987,Hijau muda,102700,173000000
58,459,11,Jual mobil bagus,1971-04-11,1974,Biru laut,30300,1152000000
59,73,274,Jual mobil bagus,1996-03-24,2008,Kuning,85800,800000000
60,519,181,Jual mobil,2017-08-06,1993,Hijau,149000,1002000000
61,446,288,Jual murah,1973-04-11,2021,Hijau muda,195200,1104000000
62,507,183,Jual mobil,1987-12-27,1996,Biru muda,50000,519000000
63,476,168,Butuh uang,1996-02-02,1975,Zaitun,120000,1165000000
64,372,121,Jual murah,1983-06-19,2002,Emas,164300,1832000000
65,321,174,Jual cepat,2017-07-18,2007,Coklat,174300,780000000
66,283,275,Jual mobil second,1971-04-16,2015,Putih,169500,294000000
67,533,112,Jual mobil second,2016-03-16,1973,Merah,31800,1416000000
68,589,84,Jual mobil,1987-01-05,2015,Magenta,170200,914000000
69,420,31,Jual mobil bagus,2014-12-05,2019,Ungu tua,152400,326000000
70,601,65,Jual mobil,2003-10-09,1993,Kuning,149100,1189000000
71,618,131,Jual cepat,1994-06-30,2002,Perak,121100,1817000000
72,470,267,Jual murah,2014-04-09,1972,Hijau,109100,652000000
73,357,258,Butuh uang,2006-11-21,1974,Abu-abu,134500,518000000
74,546,218,Jual mobil bagus,1981-09-29,1989,Coklat,48300,1010000000
75,229,269,Jual murah,1993-07-18,1978,Coklat tua,158300,1121000000
76,15,307,Jual mobil bagus,1993-10-26,1978,Hijau muda,146700,186000000
77,149,200,Jual mobil,1977-12-19,1985,Jingga,182400,1250000000
78,465,298,Jual murah,1999-09-15,2002,Putih,13800,1477000000
79,492,289,Butuh uang,1994-10-10,2007,Coklat,152100,1455000000
80,217,346,Jual murah,1993-08-20,1975,Kuning,45900,197000000
81,156,213,Jual murah,2022-06-15,1979,Ungu,129000,302000000
82,138,59,Jual mobil,1998-09-15,1970,Abu-abu,130300,1866000000
83,462,252,Jual mobil,1998-11-04,1997,Zaitun,118600,866000000
84,324,55,Butuh uang,2001-02-28,2022,Hijau muda,44700,1037000000
85,18,297,Jual cepat,2014-11-26,1977,Ungu,50300,1871000000
86,139,1,Jual mobil bagus,2000-11-24,1989,Emas,192100,660000000
87,159,286,Butuh uang,2006-05-30,1989,Koral,199600,553000000
88,456,146,Jual cepat,2007-04-03,2011,Hijau,24200,861000000
89,501,195,Butuh uang,1980-01-25,1996,Coklat,119000,760000000
90,389,154,Jual murah,1979-03-08,2007,Koral,17200,1027000000
91,430,275,Jual mobil second,1976-07-20,1997,Biru muda,102800,286000000
92,676,64,Jual cepat,1999-05-28,1971,Biru dongker,40000,227000000
93,483,342,Jual cepat,1995-03-20,2015,Coklat tua,123900,1715000000
94,335,329,Jual cepat,2008-04-09,1973,Zaitun,121200,154000000
95,401,131,Jual cepat,2015-01-08,1993,Magenta,179100,1204000000
96,698,353,Jual mobil bagus,2018-10-28,2003,Emas,74300,601000000
97,52,241,Jual mobil second,1985-09-11,1976,Ungu tua,37700,487000000
98,588,250,Jual cepat,2001-12-23,1997,Merah marun,139500,225000000
99,360,158,Butuh uang,2019-05-10,2010,Perak,27300,1738000000
100,334,36,Jual murah,1987-09-28,2007,Hijau tua,4000,1285000000
101,298,5,Jual mobil bagus,2001-01-20,2004,Jingga,99600,170000000
102,9,279,Butuh uang,1989-04-16,1979,Merah marun,134000,1985000000
103,563,317,Butuh uang,2016-06-19,2021,Jingga,106500,700000000
104,592,347,Butuh uang,1989-08-03,2015,Ungu,20800,748000000
105,614,285,Butuh uang,2014-05-19,2009,Merah marun,12500,1923000000
106,405,296,Jual mobil second,2021-03-21,1972,Biru,5700,1431000000
107,51,98,Butuh uang,1970-12-22,1998,Biru,41200,1597000000
108,670,25,Jual mobil bagus,2018-05-30,1978,Ungu,37100,1886000000
109,602,275,Butuh uang,1980-02-02,2021,Nila,94600,709000000
110,421,115,Jual murah,2007-04-07,1991,Magenta,131400,182000000
111,321,295,Jual mobil bagus,1993-05-23,2014,Merah bata,105500,1858000000
112,486,264,Jual cepat,1971-09-02,2006,Nila,84600,1215000000
113,471,127,Jual mobil,2010-02-13,2003,Biru,195400,1955000000
114,570,150,Jual murah,1975-01-04,1985,Hijau muda,131200,1102000000
115,633,167,Jual mobil second,2009-03-06,1980,Kuning,62800,1465000000
116,335,109,Jual cepat,2015-06-22,1999,Emas,86300,1098000000
117,266,132,Jual cepat,1970-10-31,1993,Hitam,153500,1533000000
118,596,1,Jual mobil,2013-11-27,1983,Kuning,35600,819000000
119,204,248,Jual mobil,1992-01-09,1973,Koral,17300,1009000000
120,628,301,Jual mobil second,1978-03-02,2013,Merah,2500,342000000
121,533,347,Jual mobil second,1996-07-21,1979,Nila,69700,1291000000
122,392,250,Jual mobil bagus,2018-08-13,2010,Hitam,104600,692000000
123,314,265,Jual cepat,2000-07-19,2010,Ungu,37200,1796000000
124,699,13,Butuh uang,1990-08-23,2004,Hijau muda,155500,333000000
125,140,208,Jual mobil bagus,2014-04-15,2005,Hijau,100200,343000000
126,304,43,Jual mobil,1975-11-27,1984,Coklat,35200,1991000000
127,584,254,Jual mobil,1973-07-29,2017,Merah bata,15600,1586000000
128,145,68,Jual cepat,1997-10-01,1984,Magenta,113200,1962000000
129,245,35,Jual cepat,1972-05-29,1995,Perak,31100,1166000000
130,277,172,Jual mobil bagus,1981-12-07,1983,Coklat tua,166600,1691000000
131,666,273,Jual cepat,1979-10-16,1986,Merah marun,72400,1205000000
132,315,258,Jual mobil,2016-08-28,2006,Merah,15500,1008000000
133,672,198,Jual murah,2021-08-16,2015,Merah bata,122800,636000000
134,261,29,Jual mobil second,2006-08-09,2007,Hijau tua,133300,1824000000
135,502,191,Jual mobil,2002-07-30,2022,Biru,154300,690000000
136,48,214,Butuh uang,2022-07-16,1989,Merah bata,6200,724000000
137,671,130,Jual cepat,2021-11-22,1971,Nila,7500,756000000
138,576,158,Jual mobil,1999-02-02,1990,Perak,93500,1230000000
139,563,244,Jual mobil,2012-09-26,2003,Coklat,53700,213000000
140,245,181,Jual mobil,1980-04-11,1989,Hijau muda,40900,1614000000
141,349,168,Jual mobil second,2021-03-22,2014,Hijau,70600,869000000
142,116,262,Butuh uang,1997-01-17,2012,Biru dongker,32400,1769000000
143,695,183,Jual mobil bagus,1987-10-20,2019,Koral,11700,559000000
144,410,138,Jual murah,1991-11-09,1981,Emas,110500,865000000
145,98,153,Jual mobil second,2002-08-30,1973,Merah marun,13700,376000000
146,114,263,Jual mobil,1986-07-05,2019,Hijau tua,5000,1341000000
147,15,248,Jual mobil bagus,2012-12-29,1994,Jingga,135000,871000000
148,648,170,Jual murah,1986-09-23,1971,Putih,181100,1488000000
149,634,222,Jual mobil,2004-03-24,2011,Coklat tua,36300,475000000
150,314,202,Jual mobil second,1979-10-11,2018,Abu-abu,172900,350000000
151,518,20,Butuh uang,2011-07-05,2015,Hijau muda,97000,307000000
152,284,340,Jual cepat,2015-01-27,2003,Hitam,176200,927000000
153,79,284,Jual mobil bagus,1996-12-09,2016,Biru dongker,7200,1416000000
154,68,31,Jual mobil bagus,1999-10-26,2013,Merah jambu,37000,299000000
155,537,171,Jual murah,1987-06-26,1974,Putih,17100,125000000
156,329,160,Jual mobil,1988-09-05,2017,Ungu,148400,223000000
157,306,49,Jual mobil,2013-01-21,1989,Magenta,161600,746000000
158,672,21,Jual cepat,1988-04-23,2004,Jingga,103900,1976000000
159,145,242,Jual mobil bagus,1977-10-05,1995,Kuning,124200,1120000000
160,5,102,Jual mobil second,2005-12-30,1974,Biru muda,176800,1499000000
161,18,175,Butuh uang,1985-11-11,1999,Zaitun,69300,1046000000
162,300,222,Jual cepat,1989-01-03,1998,Koral,144300,634000000
163,474,274,Jual murah,1994-01-19,1981,Coklat tua,41000,445000000
164,636,289,Jual cepat,1970-07-01,1974,Biru,121800,725000000
165,389,333,Jual mobil second,1972-02-15,1981,Koral,121000,563000000
166,596,198,Jual mobil,1993-03-10,1998,Hijau,62000,1945000000
167,350,277,Jual mobil second,1974-03-04,1996,Merah marun,58300,1075000000
168,592,315,Jual mobil bagus,2002-12-21,1997,Putih,107200,1052000000
169,183,82,Jual mobil second,2022-05-15,2018,Biru dongker,106800,675000000
170,643,1,Jual murah,1989-05-30,2015,Biru muda,144800,1190000000
171,437,53,Jual murah,1998-05-03,2002,Koral,59900,1490000000
172,438,131,Jual murah,1980-05-11,1978,Emas,87800,941000000
173,482,270,Jual cepat,2019-03-16,2016,Kuning,63200,1554000000
174,370,225,Jual mobil,2020-12-17,2020,Biru dongker,172800,405000000
175,461,295,Jual cepat,1996-10-01,1977,Merah,23300,1098000000
176,167,293,Jual mobil second,2013-08-23,2014,Jingga,22200,1222000000
177,408,311,Jual mobil,1998-12-10,1987,Biru muda,46600,1688000000
178,458,291,Jual cepat,1984-12-06,1988,Nila,139200,391000000
179,207,241,Jual mobil bagus,2013-01-20,2022,Hijau tua,87800,1992000000
180,420,10,Butuh uang,1999-02-12,1976,Merah marun,57500,1106000000
181,63,4,Jual cepat,1985-05-03,1983,Biru dongker,138900,616000000
182,610,164,Jual murah,1981-05-15,1993,Perak,135000,602000000
183,305,30,Jual mobil,1984-02-26,2011,Merah jambu,134100,496000000
184,596,354,Jual cepat,2012-01-04,1973,Hijau tua,47800,1387000000
185,291,169,Jual murah,1988-05-27,1971,Coklat tua,172700,1853000000
186,567,79,Jual mobil,1999-07-24,2022,Koral,39100,390000000
187,448,4,Jual mobil bagus,1984-03-28,1997,Ungu tua,37200,1138000000
188,515,262,Butuh uang,2001-03-19,2001,Putih,168400,989000000
189,359,137,Jual mobil,1988-11-20,1995,Coklat,83100,1552000000
190,226,355,Jual cepat,1985-09-25,2021,Jingga,13300,126000000
191,168,317,Jual cepat,1992-11-28,1988,Merah,196600,1935000000
192,30,141,Butuh uang,1985-09-02,2007,Coklat,29300,698000000
193,48,159,Jual mobil second,1975-12-24,2015,Hitam,59000,1905000000
194,300,320,Jual mobil bagus,1975-07-17,1977,Perak,9500,1132000000
195,340,279,Jual mobil bagus,2004-10-25,1983,Nila,195000,460000000
196,376,352,Jual mobil bagus,2004-08-19,2003,Merah bata,167800,117000000
197,319,196,Butuh uang,1972-11-08,2002,Merah bata,37100,385000000
198,227,192,Butuh uang,2015-07-14,2003,Hijau,74400,288000000
199,579,204,Jual mobil bagus,1992-07-03,2013,Coklat,26400,393000000
200,101,144,Jual cepat,1984-10-01,2018,Merah marun,77600,1596000000
201,487,143,Jual mobil,2017-09-13,1999,Biru,85200,1038000000
202,185,181,Jual cepat,1989-07-30,1995,Ungu,112500,1953000000
203,27,146,Jual cepat,2014-07-11,1977,Merah,72700,194000000
204,84,7,Jual mobil bagus,1996-07-12,2011,Nila,167700,929000000
205,642,128,Jual mobil,1992-11-04,1970,Putih,98200,1256000000
206,396,230,Jual murah,1977-09-13,1979,Merah marun,96800,1925000000
207,433,228,Jual mobil bagus,2008-08-22,1988,Merah jambu,41300,983000000
208,42,166,Jual mobil second,1981-04-08,1979,Hijau,105600,283000000
209,309,45,Jual mobil bagus,1986-12-12,2008,Nila,81100,1479000000
210,513,74,Butuh uang,1981-09-18,2017,Kuning,150900,1460000000
211,157,277,Jual mobil bagus,2001-03-02,1983,Coklat tua,25000,1156000000
212,593,180,Jual cepat,2011-09-02,1980,Ungu,198600,452000000
213,254,217,Jual mobil second,1972-12-22,1986,Biru muda,149100,1816000000
214,308,207,Jual mobil bagus,1980-02-26,1993,Kuning,49400,1517000000
215,42,310,Butuh uang,2007-04-23,2010,Emas,164600,716000000
216,298,327,Jual mobil second,2000-08-13,2021,Zaitun,70200,1349000000
217,460,188,Jual murah,2018-09-08,2013,Biru dongker,114600,1801000000
218,87,36,Jual mobil,1993-03-14,2004,Biru dongker,192500,1925000000
219,496,295,Jual murah,1997-01-04,1983,Biru muda,155000,494000000
220,416,243,Jual mobil bagus,2021-06-13,1973,Biru,9200,1841000000
221,647,193,Jual mobil second,1972-08-13,1996,Hijau tua,35800,540000000
222,638,326,Jual mobil bagus,1977-02-22,2000,Hijau tua,127300,491000000
223,658,258,Jual cepat,2012-10-26,1993,Coklat,196100,155000000
224,588,87,Jual cepat,2013-12-19,1999,Merah bata,119100,951000000
225,451,259,Jual mobil second,2017-10-26,2022,Koral,91900,1626000000
226,14,258,Jual mobil bagus,2001-06-14,2004,Zaitun,83200,959000000
227,486,237,Butuh uang,1988-06-05,1983,Hitam,600,1945000000
228,518,225,Jual murah,1981-01-08,1988,Emas,144200,288000000
229,98,20,Jual murah,1987-09-04,1997,Hitam,62700,562000000
230,87,230,Jual mobil,2007-01-24,2009,Koral,33300,1162000000
231,690,215,Jual mobil,2019-01-05,1992,Biru laut,121700,1733000000
232,190,291,Jual cepat,2022-02-15,1994,Hitam,144000,1028000000
233,577,14,Jual mobil,1991-05-28,1971,Zaitun,170800,1101000000
234,321,21,Butuh uang,2019-11-27,1983,Jingga,75000,1957000000
235,244,127,Jual mobil second,2015-05-26,1999,Ungu,43300,1233000000
236,310,239,Jual mobil,2001-11-29,1979,Koral,144400,299000000
237,452,243,Jual murah,2003-11-02,1973,Merah,171300,1437000000
238,368,21,Jual mobil bagus,2013-06-06,2008,Jingga,162300,1101000000
239,194,18,Butuh uang,2004-06-13,2003,Hitam,92400,1524000000
240,56,190,Butuh uang,1974-06-18,1990,Hijau tua,118700,1007000000
241,177,316,Jual mobil second,2017-06-14,1972,Kuning,128300,1117000000
242,47,131,Jual mobil second,1973-08-03,1999,Biru muda,161700,147000000
243,411,339,Jual mobil second,1978-02-14,2000,Hijau tua,73000,342000000
244,446,354,Butuh uang,2020-11-01,1973,Hijau tua,39600,1849000000
245,459,350,Jual cepat,2021-10-01,1997,Biru muda,115200,408000000
246,671,228,Jual murah,1986-06-03,1975,Coklat,170200,1799000000
247,207,233,Jual mobil second,2013-03-16,1979,Koral,54600,783000000
248,51,156,Jual mobil second,2007-03-02,1992,Perak,111500,474000000
249,562,259,Jual mobil,2006-05-01,2018,Merah jambu,43000,646000000
250,571,260,Jual murah,2006-07-07,1983,Merah jambu,108500,1405000000
251,510,84,Butuh uang,2009-02-07,1979,Biru,179800,425000000
252,497,235,Butuh uang,1998-05-22,1994,Nila,65000,1354000000
253,78,318,Jual mobil bagus,1984-04-01,2018,Biru dongker,138700,340000000
254,51,194,Butuh uang,1970-02-22,2023,Coklat,80500,424000000
255,349,294,Jual cepat,1981-06-22,2010,Ungu tua,100500,283000000
256,10,275,Jual mobil,1988-03-18,2023,Biru laut,40100,733000000
257,473,255,Jual cepat,1995-06-24,2008,Jingga,141700,325000000
258,303,331,Jual murah,2006-05-10,1974,Merah jambu,38200,897000000
259,304,127,Jual mobil second,2000-01-15,1986,Merah jambu,30900,222000000
260,399,203,Jual mobil second,1993-05-13,1976,Abu-abu,20400,1027000000
261,694,89,Jual murah,1974-11-14,2006,Merah marun,74100,505000000
262,86,242,Jual murah,1989-07-29,2021,Nila,152400,633000000
263,369,210,Jual mobil bagus,1986-04-29,1991,Ungu tua,106400,1085000000
264,71,98,Jual mobil second,1975-08-13,2004,Ungu tua,72000,1929000000
265,490,53,Jual murah,2005-06-08,1983,Zaitun,182500,1971000000
266,258,352,Jual mobil bagus,1980-01-24,2011,Biru laut,154300,1964000000
267,98,352,Jual cepat,1975-12-22,1990,Biru,70000,754000000
268,671,42,Butuh uang,2003-07-06,1970,Coklat,43300,1126000000
269,460,332,Jual mobil second,1976-07-16,1987,Ungu tua,24400,1579000000
270,330,253,Jual murah,2001-05-02,1995,Abu-abu,64000,385000000
271,42,12,Butuh uang,1987-02-09,2000,Biru laut,169700,173000000
272,352,97,Jual mobil,1984-09-04,2015,Emas,149700,892000000
273,699,80,Jual mobil bagus,1978-08-02,1985,Jingga,62500,176000000
274,129,167,Jual cepat,1998-01-13,2010,Hijau tua,85100,850000000
275,335,207,Jual mobil bagus,1990-06-11,1990,Kuning,166400,1110000000
276,8,185,Jual mobil,2006-08-17,2016,Biru,1200,1256000000
277,693,1,Jual cepat,1985-12-10,1992,Zaitun,138700,1850000000
278,581,326,Jual mobil,2019-02-27,2009,Biru dongker,144700,194000000
279,181,120,Butuh uang,1992-12-09,2000,Biru dongker,67400,1652000000
280,610,173,Jual murah,2016-11-04,2015,Nila,90000,328000000
281,47,302,Jual mobil second,2001-03-05,1970,Hijau muda,46100,711000000
282,581,60,Jual mobil,1989-05-16,2013,Merah bata,116300,1028000000
283,565,346,Jual mobil,2002-02-02,2020,Hijau tua,58700,1342000000
284,570,301,Jual cepat,2017-11-10,2003,Zaitun,7400,1794000000
285,378,303,Jual murah,2012-06-06,2018,Merah jambu,144000,426000000
286,455,37,Jual mobil,2003-04-01,1977,Biru laut,1000,239000000
287,596,354,Jual cepat,2018-08-06,1971,Biru muda,161400,1130000000
288,221,295,Jual cepat,2001-04-28,1986,Hijau,48700,566000000
289,157,295,Jual murah,1982-09-13,1980,Zaitun,23600,227000000
290,146,167,Jual mobil,1979-01-20,1970,Biru laut,135800,420000000
291,63,166,Jual cepat,1976-07-15,2023,Hijau muda,178400,1231000000
292,275,213,Jual murah,1993-11-15,2023,Biru muda,17000,946000000
293,497,124,Jual mobil,2009-05-14,2011,Hijau tua,145600,1900000000
294,162,54,Jual mobil second,2003-11-08,2002,Hijau muda,38900,191000000
295,381,234,Jual mobil bagus,1972-10-18,2006,Hijau,172300,1072000000
296,333,257,Jual mobil,2021-10-19,2014,Jingga,49700,1704000000
297,422,209,Jual mobil,1981-06-06,2006,Koral,47300,713000000
298,125,186,Butuh uang,2002-04-16,1992,Merah,30500,171000000
299,229,255,Jual mobil second,2002-01-08,2010,Abu-abu,28100,321000000
300,87,350,Butuh uang,1975-05-03,1977,Merah,95000,1800000000
301,474,94,Jual mobil,1972-02-08,1975,Biru laut,67400,762000000
302,397,220,Jual mobil bagus,1991-09-18,1982,Hijau muda,66400,836000000
303,393,22,Jual murah,1973-05-22,2019,Hijau tua,74000,1407000000
304,584,44,Jual murah,1992-08-07,2013,Biru muda,69500,1234000000
305,354,13,Jual mobil bagus,1973-04-11,1979,Merah bata,148900,857000000
306,307,191,Jual murah,1992-06-02,2013,Putih,119300,1100000000
307,45,141,Jual mobil second,1994-12-17,1987,Hitam,198500,628000000
308,642,83,Jual cepat,1975-05-22,1996,Ungu,155300,206000000
309,497,227,Jual murah,2005-02-14,1994,Biru,17500,303000000
310,3,117,Jual mobil bagus,1978-04-04,2011,Zaitun,133100,561000000
311,557,229,Butuh uang,2010-04-28,2016,Ungu,81400,324000000
312,417,185,Jual mobil second,1976-08-21,2015,Hijau tua,101600,1977000000
313,161,51,Jual mobil bagus,1997-10-30,1973,Hijau tua,139100,1403000000
314,88,34,Jual cepat,2003-12-17,2023,Jingga,57900,1792000000
315,57,177,Jual mobil second,2006-10-15,1993,Coklat tua,93400,425000000
316,401,95,Jual mobil second,1975-06-15,2014,Nila,71300,462000000
317,233,11,Jual mobil bagus,1990-05-28,2012,Merah,21500,1294000000
318,260,198,Jual murah,2007-05-07,2009,Merah bata,20500,1297000000
319,41,347,Jual cepat,2002-06-12,2007,Hitam,116800,1278000000
320,445,272,Butuh uang,1970-09-27,2009,Magenta,117700,1670000000
321,457,307,Jual mobil,1980-04-09,1970,Hijau,48400,1229000000
322,283,325,Butuh uang,2002-03-24,2007,Magenta,27300,1083000000
323,182,164,Jual mobil second,1980-03-18,2015,Emas,157500,200000000
324,361,209,Jual mobil bagus,2001-07-02,1975,Abu-abu,188000,858000000
325,154,237,Jual mobil,1994-09-02,1970,Hijau muda,182800,1463000000
326,588,96,Jual murah,2008-08-30,1989,Biru dongker,155300,1189000000
327,378,165,Jual cepat,2021-12-31,2015,Biru,36100,1217000000
328,200,309,Jual mobil bagus,2013-04-17,2017,Biru muda,65200,656000000
329,482,323,Jual mobil,1989-05-05,2002,Biru dongker,2700,444000000
330,72,179,Jual murah,1999-12-11,1992,Biru laut,117100,308000000
331,10,122,Butuh uang,2013-04-24,1976,Hijau,199100,798000000
332,247,208,Jual cepat,2004-08-09,1981,Merah marun,38800,1914000000
333,127,294,Butuh uang,1975-11-12,2011,Zaitun,33700,978000000
334,374,49,Jual mobil second,2010-07-24,1991,Merah jambu,123600,109000000
335,272,318,Jual mobil bagus,1990-05-13,2009,Merah jambu,196900,390000000
336,202,63,Jual murah,2007-08-26,1998,Coklat,113100,1219000000
337,188,101,Butuh uang,1971-07-29,1994,Merah,139900,1653000000
338,291,227,Jual mobil bagus,1992-11-04,2000,Kuning,148600,768000000
339,246,88,Jual cepat,1983-03-18,1998,Perak,120900,660000000
340,109,276,Butuh uang,1972-05-04,2013,Ungu tua,134500,1779000000
341,258,260,Jual cepat,2002-01-05,1992,Biru muda,52600,330000000
342,661,305,Jual mobil second,1986-09-04,2016,Biru,123300,1971000000
343,108,64,Jual mobil second,1995-08-18,1975,Merah marun,27300,235000000
344,575,295,Jual mobil bagus,1999-12-14,2014,Perak,103900,165000000
345,247,195,Jual murah,2012-10-18,1980,Coklat tua,71200,892000000
346,472,41,Jual mobil bagus,1977-03-29,1985,Coklat,36400,404000000
347,149,65,Jual mobil second,1974-12-03,2022,Coklat,180600,1453000000
348,567,183,Butuh uang,2003-09-29,1990,Putih,45300,653000000
349,440,329,Jual mobil,1990-08-06,1973,Hitam,164000,1784000000
350,194,249,Jual mobil,1994-06-26,1977,Merah,167800,301000000
351,390,24,Jual mobil,1982-08-24,2018,Kuning,85400,1832000000
352,119,8,Jual cepat,2003-06-05,2021,Coklat tua,56000,401000000
353,19,296,Jual cepat,1981-02-03,1987,Perak,90600,467000000
354,402,192,Jual murah,1970-05-01,2014,Putih,79100,1410000000
355,472,116,Jual mobil bagus,1989-01-14,2008,Abu-abu,19700,1006000000
356,2,285,Jual mobil second,1993-08-08,1971,Coklat,98200,1778000000
357,617,333,Jual mobil second,1997-01-04,2003,Biru dongker,57200,614000000
358,635,109,Jual cepat,2005-02-08,1980,Hijau tua,192200,1969000000
359,22,157,Butuh uang,1988-03-11,1985,Merah bata,48800,1225000000
360,226,12,Jual murah,1987-11-16,1974,Merah bata,77200,1886000000
361,670,75,Jual murah,2020-05-30,2013,Merah jambu,136400,1905000000
362,435,81,Jual mobil,1991-08-09,1991,Putih,71400,1297000000
363,455,343,Jual mobil bagus,1976-10-21,1990,Biru muda,122600,872000000
364,652,356,Jual mobil bagus,1981-05-23,2018,Merah bata,182900,1963000000
365,664,193,Jual mobil second,2008-10-18,1978,Merah jambu,28900,1226000000
366,626,195,Jual mobil,1990-11-29,2011,Biru dongker,155800,465000000
367,191,12,Butuh uang,2022-01-30,2010,Koral,138700,480000000
368,369,172,Jual mobil bagus,1970-04-21,1986,Abu-abu,153100,698000000
369,271,49,Jual murah,1995-04-22,2014,Biru laut,153400,1139000000
370,572,317,Jual cepat,2000-06-26,1998,Jingga,53900,876000000
371,647,224,Jual cepat,1998-06-13,1983,Emas,41100,570000000
372,437,234,Butuh uang,1970-02-16,2017,Merah,98400,1025000000
373,231,11,Jual murah,1978-09-21,1981,Merah marun,55900,1645000000
374,119,325,Jual mobil second,2015-06-03,1996,Biru muda,131600,180000000
375,33,280,Jual cepat,2017-08-04,1986,Merah bata,154700,784000000
376,335,9,Jual mobil second,1982-02-23,1997,Kuning,31300,499000000
377,85,261,Jual mobil second,1991-02-28,1993,Hijau tua,80600,1809000000
378,623,264,Butuh uang,1994-09-08,2003,Hijau muda,133900,278000000
379,262,30,Jual murah,2020-03-28,2019,Merah jambu,45000,105000000
380,676,277,Jual mobil second,1971-01-06,2013,Biru laut,4000,1379000000
381,117,4,Butuh uang,1978-07-07,1994,Hijau,75900,897000000
382,106,219,Jual cepat,1988-12-17,2005,Hijau,61500,1512000000
383,108,301,Jual mobil,1976-03-14,1970,Biru,65900,1771000000
384,290,205,Jual cepat,1979-06-21,1971,Merah marun,54600,1553000000
385,37,355,Jual murah,2016-04-27,2018,Coklat,25100,1618000000
386,18,306,Jual murah,2009-01-05,2004,Ungu tua,132400,1766000000
387,455,152,Jual murah,1983-06-22,1994,Biru muda,148100,1391000000
388,347,33,Butuh uang,1980-08-19,2003,Biru laut,70100,957000000
389,590,332,Jual mobil second,1998-10-28,1998,Merah jambu,108600,1159000000
390,88,52,Butuh uang,1988-11-20,1978,Biru laut,112800,955000000
391,361,213,Jual mobil second,2001-10-31,1978,Zaitun,13000,459000000
392,570,99,Jual mobil bagus,2012-01-19,2013,Koral,37000,734000000
393,118,176,Jual murah,1987-11-09,1970,Biru laut,20800,1259000000
394,686,98,Jual mobil,1971-11-28,1976,Kuning,86000,347000000
395,20,94,Butuh uang,1971-07-31,1986,Emas,123200,628000000
396,185,43,Butuh uang,1985-03-25,2014,Merah marun,37800,558000000
397,654,169,Jual mobil second,1998-02-18,2019,Hitam,186400,1183000000
398,74,323,Jual mobil bagus,2009-09-09,2005,Coklat tua,124600,1501000000
399,3,283,Butuh uang,1987-03-20,1991,Biru,89500,1515000000
400,536,206,Jual murah,1988-01-19,1979,Biru muda,1700,855000000
401,239,39,Jual cepat,2003-06-24,1984,Biru,36100,293000000
402,416,206,Jual mobil bagus,1970-01-07,1984,Putih,5400,500000000
403,175,301,Jual cepat,1998-03-02,2009,Biru laut,19600,1161000000
404,578,203,Jual mobil,2014-02-16,2001,Biru muda,162700,572000000
405,466,93,Jual cepat,1986-10-08,1994,Putih,26800,425000000
406,10,190,Jual mobil bagus,1999-07-27,2022,Biru muda,18100,1619000000
407,94,79,Jual mobil second,1981-08-28,2012,Kuning,124900,1237000000
408,396,41,Jual mobil,2022-03-29,1974,Zaitun,176200,625000000
409,431,162,Jual murah,2002-03-09,2006,Ungu,61900,1900000000
410,30,87,Jual mobil bagus,1978-07-10,1982,Perak,37500,1036000000
411,139,103,Butuh uang,1978-01-12,1991,Biru,188700,1937000000
412,93,222,Jual mobil bagus,2016-10-12,1975,Biru laut,20100,622000000
413,111,314,Jual cepat,2006-06-29,2003,Hijau tua,43000,1335000000
414,269,330,Jual mobil bagus,2006-01-02,2007,Biru muda,161500,1990000000
415,415,295,Jual mobil second,2022-01-05,1993,Koral,87200,411000000
416,134,258,Butuh uang,1994-06-11,2007,Biru muda,98700,1255000000
417,282,314,Jual mobil second,1976-01-20,1982,Ungu,190000,871000000
418,301,99,Butuh uang,1989-04-14,2021,Putih,92400,275000000
419,168,53,Butuh uang,2010-09-16,2012,Ungu,145600,1099000000
420,269,100,Jual mobil second,2001-05-23,1990,Emas,123700,1228000000
421,458,80,Jual murah,2001-04-29,1995,Biru muda,76000,986000000
422,74,60,Jual mobil,2018-08-04,2008,Biru,190200,1810000000
423,210,203,Jual cepat,2019-05-31,2012,Biru laut,150400,579000000
424,192,226,Jual cepat,2020-06-10,2023,Ungu,79400,569000000
425,457,114,Jual mobil second,1998-03-19,1980,Nila,83400,1902000000
426,492,301,Jual mobil second,2011-01-08,1988,Putih,191900,1957000000
427,597,275,Jual murah,2011-11-12,2005,Nila,140500,367000000
428,129,189,Jual murah,1997-09-03,1996,Ungu tua,164300,1053000000
429,478,245,Butuh uang,1995-01-18,2021,Biru,142100,1207000000
430,265,70,Butuh uang,1981-04-25,1983,Biru laut,106100,823000000
431,43,141,Jual cepat,1974-03-24,2022,Putih,162200,944000000
432,80,58,Butuh uang,2009-09-12,2013,Biru muda,176800,612000000
433,560,150,Jual murah,1990-02-21,2001,Biru,111700,1907000000
434,42,102,Butuh uang,2005-09-14,2013,Zaitun,62500,342000000
435,353,206,Jual mobil bagus,2003-01-14,2020,Coklat tua,11200,989000000
436,285,219,Jual mobil,1975-07-24,1981,Emas,116800,924000000
437,460,79,Jual cepat,1995-01-19,2013,Zaitun,127500,931000000
438,71,13,Jual mobil second,2013-08-05,1975,Merah marun,169300,1694000000
439,696,33,Butuh uang,2021-08-09,1986,Coklat,97900,1653000000
440,47,333,Jual cepat,1971-11-23,1970,Perak,118000,1240000000
441,637,52,Butuh uang,2017-05-26,1993,Kuning,135500,1944000000
442,57,81,Jual mobil second,1970-10-30,1992,Zaitun,38000,862000000
443,369,139,Jual mobil second,2016-04-02,1976,Zaitun,11500,556000000
444,236,236,Jual mobil second,2011-03-07,2008,Biru dongker,20500,1169000000
445,228,42,Jual mobil,1971-06-17,2003,Biru laut,5600,1855000000
446,250,36,Jual murah,1970-05-27,1979,Jingga,130500,916000000
447,82,161,Butuh uang,2008-11-29,1981,Emas,186900,1202000000
448,235,19,Jual mobil second,2014-07-10,2006,Kuning,77400,143000000
449,682,216,Jual cepat,2016-07-26,2015,Magenta,71200,964000000
450,675,64,Jual cepat,2012-01-05,1975,Abu-abu,129200,773000000
451,141,118,Jual mobil bagus,1974-05-03,2004,Merah marun,58900,591000000
452,620,282,Jual mobil,2014-12-31,1981,Emas,2900,424000000
453,686,80,Jual mobil,1999-12-06,1984,Kuning,161100,1050000000
454,52,197,Butuh uang,2022-11-15,2016,Biru laut,131800,1950000000
455,560,269,Jual murah,1971-10-10,1982,Merah marun,105700,1441000000
456,470,135,Jual mobil bagus,1970-03-20,2021,Putih,81600,1504000000
457,602,67,Jual mobil second,2007-09-03,2022,Merah marun,136300,377000000
458,244,123,Jual cepat,1971-04-06,1982,Merah jambu,2600,1807000000
459,103,181,Jual mobil bagus,1979-05-31,1985,Putih,154000,296000000
460,17,115,Jual cepat,2009-12-10,1984,Coklat tua,119900,1656000000
461,510,149,Jual mobil second,1975-09-24,2015,Hijau,84300,350000000
462,466,152,Jual mobil bagus,1999-07-02,1987,Biru muda,115800,709000000
463,351,279,Jual mobil bagus,2004-11-19,1993,Zaitun,144800,747000000
464,2,349,Jual murah,1974-11-22,1994,Merah,96700,151000000
465,610,269,Butuh uang,2011-07-31,1972,Coklat,82500,1755000000
466,424,151,Jual mobil,2001-05-23,1985,Ungu tua,169800,1102000000
467,353,41,Jual murah,2007-05-20,1994,Putih,30200,1231000000
468,229,223,Jual cepat,1996-09-28,2004,Biru,41700,1020000000
469,248,269,Jual mobil,2014-12-01,2015,Merah jambu,98600,996000000
470,219,116,Jual murah,1993-10-08,1971,Abu-abu,180400,318000000
471,442,214,Jual mobil second,2015-12-04,1988,Abu-abu,109600,1675000000
472,128,141,Jual cepat,1986-12-29,2022,Hitam,190500,189000000
473,98,64,Butuh uang,2007-06-15,1977,Hijau,181500,1937000000
474,248,129,Jual cepat,2016-06-13,2004,Biru dongker,32600,986000000
475,694,244,Jual mobil,1990-12-07,1997,Jingga,146700,1669000000
476,544,141,Jual mobil second,2006-06-27,1997,Jingga,132100,122000000
477,563,11,Butuh uang,1993-05-27,2007,Emas,166700,1150000000
478,39,92,Jual cepat,2005-04-23,1987,Merah bata,53300,1042000000
479,560,8,Jual mobil second,2018-03-22,1987,Abu-abu,17700,204000000
480,505,213,Jual mobil,2000-10-09,1988,Biru,78900,1103000000
481,55,125,Jual mobil bagus,1995-03-26,2000,Merah bata,72300,777000000
482,387,20,Jual mobil bagus,1988-04-01,2003,Merah jambu,33100,854000000
483,387,68,Butuh uang,1973-10-28,1982,Merah bata,48800,650000000
484,167,198,Jual mobil,1993-11-07,2002,Coklat,163100,927000000
485,8,178,Butuh uang,1981-11-17,1991,Kuning,176500,1775000000
486,34,51,Jual mobil,2021-10-12,2023,Abu-abu,176700,1781000000
487,694,108,Jual mobil second,2021-11-07,2022,Hijau muda,10300,1016000000
488,212,127,Jual cepat,2001-12-23,1974,Nila,16700,1257000000
489,248,232,Butuh uang,2007-09-14,1977,Hijau,51200,1818000000
490,76,28,Jual cepat,2023-03-28,1999,Merah jambu,103200,1506000000
491,189,104,Jual mobil second,2014-11-08,1984,Nila,120500,1475000000
492,47,175,Jual mobil,1979-06-07,1998,Magenta,112900,1257000000
493,184,316,Jual mobil bagus,2018-04-08,1994,Coklat tua,114200,1828000000
494,615,200,Jual mobil second,2022-10-13,2023,Putih,60600,796000000
495,40,266,Jual cepat,1983-01-10,1994,Merah bata,136600,709000000
496,261,307,Butuh uang,2018-01-29,1977,Biru,86100,730000000
497,631,28,Jual cepat,2022-06-08,2013,Nila,29000,833000000
498,372,19,Jual mobil,1989-03-04,2014,Abu-abu,181700,1031000000
499,334,292,Jual cepat,2001-08-12,2009,Hijau,6000,112000000
500,662,5,Jual mobil bagus,1991-11-20,2008,Ungu tua,102900,1385000000
501,413,304,Jual murah,1984-04-21,2020,Biru laut,196600,1311000000
502,338,148,Jual mobil second,1999-07-18,1983,Merah marun,31900,1851000000
503,483,219,Jual cepat,1996-10-10,1994,Merah,123900,639000000
504,636,93,Jual cepat,1971-06-08,1978,Merah jambu,143400,969000000
505,645,76,Jual cepat,2020-05-23,1970,Hijau muda,141900,170000000
506,247,31,Butuh uang,2016-03-01,1976,Kuning,22100,1249000000
507,131,170,Jual mobil second,1980-03-02,2001,Hijau tua,58800,793000000
508,119,67,Butuh uang,2018-06-05,2015,Hijau muda,46800,1961000000
509,570,202,Jual mobil second,1985-11-19,2019,Hijau,23000,300000000
510,550,324,Butuh uang,1979-09-05,2013,Zaitun,57600,1454000000
511,274,67,Jual cepat,2000-09-26,1989,Biru muda,171400,418000000
512,401,328,Jual mobil bagus,1977-07-02,2005,Abu-abu,114500,1677000000
513,694,192,Butuh uang,1989-10-05,2003,Biru muda,92900,1108000000
514,616,106,Jual murah,2003-04-15,1994,Perak,111500,619000000
515,613,226,Jual mobil,1983-01-26,2003,Perak,46700,832000000
516,419,293,Jual murah,2021-12-06,1984,Kuning,2100,1732000000
517,110,212,Jual mobil,2023-01-21,1994,Nila,136800,1060000000
518,624,9,Jual murah,2009-09-14,2006,Putih,97900,508000000
519,178,171,Jual mobil,1986-11-26,2018,Coklat tua,186900,477000000
520,394,8,Jual mobil,1995-11-05,2010,Merah,18100,339000000
521,475,302,Jual mobil bagus,2000-12-22,2001,Jingga,47800,1608000000
522,55,260,Butuh uang,2003-09-09,2017,Merah marun,24100,295000000
523,287,141,Jual mobil bagus,2023-02-02,1982,Magenta,199800,565000000
524,510,263,Jual murah,1982-04-03,2001,Magenta,159200,1462000000
525,502,86,Jual murah,1985-03-01,1984,Perak,121800,918000000
526,400,255,Jual mobil second,2005-12-18,1982,Merah bata,43500,1242000000
527,374,259,Jual mobil second,1998-10-17,2014,Kuning,197000,1089000000
528,410,244,Jual murah,2019-02-05,1982,Merah,32400,1131000000
529,509,278,Jual mobil bagus,2018-04-13,1973,Perak,15400,816000000
530,672,95,Jual murah,2017-05-03,2002,Hijau tua,66900,504000000
531,418,26,Butuh uang,1991-02-21,1972,Merah marun,140600,232000000
532,425,260,Butuh uang,1996-10-28,2023,Coklat,138100,1549000000
533,498,113,Jual mobil second,1980-04-13,2000,Hijau tua,23900,619000000
534,24,82,Jual mobil second,2005-05-19,2023,Jingga,106200,1705000000
535,62,333,Jual mobil bagus,2001-10-10,2015,Emas,84700,1936000000
536,134,80,Jual cepat,2008-12-23,2015,Koral,143100,954000000
537,498,269,Jual murah,2000-08-13,1982,Hijau tua,155800,707000000
538,546,133,Jual mobil bagus,2000-08-14,2017,Coklat tua,14400,1081000000
539,600,347,Jual murah,1970-12-20,2016,Putih,197000,1034000000
540,92,316,Jual mobil second,1974-03-27,1994,Zaitun,62500,1156000000
541,36,329,Jual mobil second,2010-12-05,1988,Perak,77200,896000000
542,548,167,Butuh uang,1970-10-29,2012,Kuning,47900,862000000
543,237,46,Jual mobil second,1984-04-30,1981,Hitam,194000,1230000000
544,119,6,Jual mobil bagus,2003-01-07,2013,Merah marun,58900,1465000000
545,442,168,Butuh uang,1987-03-13,2006,Hitam,128600,955000000
546,698,150,Jual cepat,1971-05-10,1992,Biru muda,11500,274000000
547,617,142,Jual cepat,1970-08-15,1995,Kuning,57200,880000000
548,687,274,Jual mobil bagus,2020-09-06,1993,Zaitun,92400,1212000000
549,58,93,Jual cepat,2023-05-22,1993,Nila,9500,1912000000
550,215,45,Jual mobil second,1983-03-17,2020,Koral,82700,1974000000
551,71,198,Jual mobil,2015-04-10,1998,Nila,155000,1892000000
552,269,134,Jual mobil bagus,1992-11-05,1971,Coklat tua,22000,1132000000
553,207,319,Jual mobil second,1970-01-09,1972,Biru laut,113100,858000000
554,26,27,Jual cepat,1989-11-03,2005,Hijau tua,147500,1868000000
555,314,149,Butuh uang,1987-09-17,2017,Merah marun,128300,1827000000
556,356,98,Butuh uang,2014-02-21,1970,Kuning,199700,1476000000
557,481,206,Jual cepat,1996-04-16,1971,Zaitun,180800,1142000000
558,453,59,Butuh uang,1989-09-05,2020,Merah bata,110900,1414000000
559,449,50,Jual murah,1986-10-13,2008,Hitam,11800,557000000
560,40,10,Jual mobil bagus,1998-07-28,2003,Hijau tua,134100,1196000000
561,232,207,Jual mobil second,2008-01-12,1990,Biru,183100,1002000000
562,140,147,Jual cepat,1992-02-26,1995,Jingga,66300,1797000000
563,277,332,Jual mobil,1970-02-16,1975,Hijau tua,51700,751000000
564,86,147,Butuh uang,1997-03-16,2023,Merah,164400,1031000000
565,260,117,Butuh uang,1973-06-01,2021,Biru dongker,30300,382000000
566,42,310,Jual mobil,2020-10-18,2007,Biru dongker,167200,894000000
567,144,237,Jual cepat,1995-09-12,2015,Abu-abu,178200,1507000000
568,124,151,Jual murah,1986-02-13,1995,Abu-abu,173100,806000000
569,194,336,Jual mobil second,2001-10-13,2001,Biru dongker,194300,1186000000
570,20,67,Jual cepat,1972-07-12,2016,Ungu tua,114200,904000000
571,613,355,Butuh uang,1984-08-12,1989,Merah marun,76300,878000000
572,635,196,Jual cepat,2009-07-26,2009,Putih,139900,680000000
573,206,108,Jual mobil second,1986-08-05,1970,Merah,190700,1616000000
574,418,241,Butuh uang,1991-02-09,1985,Biru laut,34700,479000000
575,353,176,Jual mobil,2013-05-25,1982,Koral,198400,1520000000
576,408,284,Jual cepat,2015-12-13,1985,Nila,194100,718000000
577,461,287,Jual mobil second,2016-04-07,2003,Hijau tua,162100,206000000
578,76,99,Jual mobil second,1998-06-05,1991,Biru dongker,59800,399000000
579,647,169,Jual murah,2017-11-13,1985,Ungu tua,128100,1063000000
580,89,40,Jual mobil second,2002-10-13,1988,Hijau,90200,1670000000
581,159,257,Jual mobil second,2010-06-08,1981,Coklat tua,83400,874000000
582,566,164,Jual cepat,2003-01-04,2004,Merah marun,12600,1909000000
583,336,5,Jual mobil,2009-04-19,2005,Coklat tua,129100,1961000000
584,333,212,Jual mobil bagus,1994-06-05,1973,Perak,110900,1145000000
585,18,77,Butuh uang,1984-04-22,1981,Perak,185300,1056000000
586,363,314,Jual murah,1990-03-07,1999,Nila,54200,171000000
587,605,304,Jual cepat,1991-09-29,2022,Perak,26500,1418000000
588,238,122,Jual mobil,2007-07-30,1975,Hitam,165300,1792000000
589,59,126,Jual mobil second,1970-01-05,1997,Nila,187900,240000000
590,635,36,Jual cepat,2013-09-23,2007,Merah marun,7700,1940000000
591,475,161,Butuh uang,2019-01-23,1977,Biru muda,10900,487000000
592,636,14,Jual murah,1990-01-01,1998,Hijau tua,141600,592000000
593,329,253,Jual mobil,2016-03-27,2011,Abu-abu,129400,1059000000
594,442,64,Jual murah,2011-08-20,2016,Biru laut,99400,626000000
595,533,216,Jual mobil,2021-09-25,2005,Merah bata,129700,1256000000
596,484,310,Jual cepat,1985-11-14,2002,Merah jambu,90300,1633000000
597,61,245,Jual mobil second,1997-04-09,2006,Emas,172700,220000000
598,50,94,Jual mobil bagus,2007-09-05,1977,Perak,198300,263000000
599,124,115,Jual mobil second,1999-03-30,2012,Nila,45400,1022000000
600,657,125,Jual mobil,1978-08-23,1975,Abu-abu,144700,1785000000
601,36,158,Jual mobil bagus,2008-02-06,2015,Nila,123900,1686000000
602,636,282,Jual mobil bagus,1977-08-25,1983,Biru dongker,34800,826000000
603,525,184,Jual mobil second,1994-09-27,2021,Coklat,76900,1264000000
604,174,117,Jual mobil,1995-03-21,2018,Nila,4100,1893000000
605,224,53,Jual cepat,1981-03-08,2023,Merah marun,86600,338000000
606,580,264,Jual mobil second,1970-01-10,1980,Biru,195900,1967000000
607,529,210,Jual mobil second,2008-02-27,2021,Biru,96800,279000000
608,493,46,Butuh uang,2023-07-14,1984,Biru laut,112800,1765000000
609,477,265,Jual mobil,2018-10-24,1989,Putih,186800,734000000
610,345,169,Jual mobil,2019-03-24,1991,Coklat tua,65300,1480000000
611,461,317,Jual mobil bagus,1990-09-07,1979,Merah bata,34200,806000000
612,682,217,Jual murah,2010-09-25,1995,Coklat tua,191300,1540000000
613,60,170,Jual murah,1973-06-06,1999,Ungu,138300,1876000000
614,130,319,Jual mobil,1974-04-05,1970,Nila,116900,372000000
615,423,48,Jual mobil bagus,2003-06-19,1980,Magenta,173900,652000000
616,349,31,Butuh uang,2023-06-05,2005,Nila,18100,229000000
617,606,83,Jual mobil second,2013-08-10,2018,Merah marun,14100,1093000000
618,2,283,Jual cepat,1986-06-28,2016,Hijau tua,28400,226000000
619,315,201,Jual murah,1985-11-16,1975,Coklat tua,159400,1222000000
620,403,311,Jual mobil,1984-11-11,2013,Magenta,61700,760000000
621,438,336,Jual murah,1990-11-11,2002,Merah,91400,387000000
622,89,292,Jual cepat,1979-04-20,1997,Ungu tua,22200,1507000000
623,313,47,Jual murah,1982-04-03,2002,Coklat,186900,1338000000
624,228,348,Jual mobil bagus,1973-03-21,1974,Ungu,103800,107000000
625,321,131,Butuh uang,2020-01-20,2013,Merah jambu,100700,977000000
626,246,353,Jual mobil second,1989-11-09,1998,Perak,160300,1876000000
627,156,338,Jual mobil bagus,1986-10-14,2001,Biru laut,153100,1535000000
628,645,153,Butuh uang,2020-10-25,1983,Biru muda,108100,550000000
629,316,17,Jual mobil second,1989-12-26,2000,Merah,600,915000000
630,686,73,Jual cepat,1983-10-01,1984,Merah marun,59400,295000000
631,336,17,Butuh uang,1984-01-15,1975,Merah,128600,1676000000
632,550,1,Butuh uang,1975-06-27,1987,Ungu tua,198900,637000000
633,470,103,Butuh uang,1995-06-14,2021,Koral,88400,1848000000
634,215,170,Jual mobil,2013-05-02,2006,Emas,44300,1805000000
635,396,45,Jual cepat,2018-03-12,1993,Putih,80900,1772000000
636,197,194,Jual murah,1989-12-04,2022,Abu-abu,164600,1202000000
637,405,326,Jual mobil,1980-07-22,2002,Merah marun,11200,1591000000
638,279,171,Jual murah,1989-08-09,2020,Jingga,135300,1013000000
639,233,99,Jual mobil bagus,1988-03-01,1979,Merah jambu,46500,1086000000
640,161,300,Jual mobil bagus,1988-10-11,2018,Hitam,198500,1183000000
641,275,118,Jual mobil second,1976-07-07,1986,Biru muda,147900,970000000
642,360,345,Jual murah,1971-08-01,2011,Kuning,20900,272000000
643,278,190,Jual mobil second,2018-03-29,1979,Hijau muda,146600,1950000000
644,72,221,Jual mobil second,2005-12-19,1995,Abu-abu,193400,1222000000
645,388,349,Jual murah,2008-08-16,1973,Biru,89200,221000000
646,459,188,Jual cepat,1973-05-08,1991,Merah marun,49000,977000000
647,505,201,Jual murah,1994-07-23,1982,Putih,88100,1028000000
648,390,258,Butuh uang,1981-02-16,1976,Biru,69300,1320000000
649,465,29,Butuh uang,2016-03-28,2003,Merah marun,125600,1843000000
650,302,227,Jual mobil second,1976-10-01,2003,Biru,110000,1303000000
651,127,157,Jual mobil second,2011-07-18,1988,Koral,183500,958000000
652,627,19,Jual cepat,1982-11-15,2018,Magenta,60300,873000000
653,106,319,Butuh uang,2008-04-22,2016,Magenta,2100,1197000000
654,80,215,Jual mobil,1985-07-19,1970,Koral,43900,844000000
655,666,274,Jual cepat,2018-08-11,2021,Koral,40900,1573000000
656,218,45,Jual mobil second,1984-10-01,1975,Biru dongker,13400,829000000
657,114,279,Jual cepat,1980-08-22,1997,Hijau tua,48800,711000000
658,646,336,Jual cepat,1997-03-19,2017,Abu-abu,105300,979000000
659,189,249,Jual cepat,2006-03-26,1978,Zaitun,166300,1302000000
660,146,350,Jual mobil,2011-06-01,1985,Ungu tua,167000,1353000000
661,282,255,Jual cepat,1971-12-15,2008,Hijau tua,143800,767000000
662,88,100,Jual cepat,2002-01-29,2005,Merah marun,5700,1758000000
663,89,171,Jual mobil second,1980-05-11,1983,Hijau,40900,1550000000
664,204,244,Jual mobil,2009-11-13,1988,Hijau muda,185700,1828000000
665,632,203,Jual mobil bagus,2007-05-10,1996,Merah bata,139200,1227000000
666,178,260,Jual mobil second,2000-07-09,1981,Jingga,162300,1180000000
667,208,162,Butuh uang,1988-09-11,1994,Abu-abu,124300,1269000000
668,329,323,Jual murah,1980-10-03,2014,Koral,61300,1291000000
669,323,169,Jual mobil second,1994-07-20,2000,Jingga,188800,1793000000
670,660,57,Butuh uang,1992-04-22,2011,Kuning,109900,441000000
671,138,234,Jual mobil second,1970-05-09,1975,Nila,139600,1690000000
672,396,99,Jual mobil second,2019-03-09,2009,Merah bata,188200,362000000
673,485,111,Jual mobil second,1983-09-24,2011,Biru muda,198600,1692000000
674,321,140,Butuh uang,2011-03-12,2020,Ungu,37100,638000000
675,193,355,Jual mobil second,1989-03-01,2002,Kuning,177100,797000000
676,141,68,Jual mobil,2014-06-27,2009,Kuning,116500,705000000
677,115,159,Jual mobil,1980-03-10,2007,Merah bata,33000,1132000000
678,496,83,Jual mobil bagus,1972-10-13,2013,Hijau tua,91900,949000000
679,423,114,Butuh uang,1981-04-22,2000,Emas,2700,981000000
680,263,320,Jual cepat,2014-06-24,2018,Koral,6000,1899000000
681,303,350,Jual murah,1991-05-30,1998,Perak,184900,279000000
682,357,36,Jual mobil bagus,2015-07-08,1982,Perak,26900,1748000000
683,69,151,Jual murah,2001-10-23,1983,Biru muda,84600,1001000000
684,288,167,Jual mobil,1988-06-23,2001,Abu-abu,54000,256000000
685,341,94,Jual mobil second,2014-06-02,2007,Hijau,55100,643000000
686,106,52,Jual mobil bagus,1991-10-01,2000,Abu-abu,45100,117000000
687,487,84,Jual cepat,1985-11-09,1980,Merah marun,20300,726000000
688,496,60,Jual mobil,1975-11-01,2016,Hijau tua,118800,1466000000
689,84,26,Jual mobil bagus,2001-05-16,1987,Hijau muda,65200,1935000000
690,422,294,Jual mobil second,1983-09-01,1983,Nila,129000,445000000
691,248,259,Jual mobil bagus,2008-10-30,2006,Ungu tua,146000,1111000000
692,45,229,Jual murah,2008-03-17,2017,Merah marun,62300,1736000000
693,303,181,Butuh uang,2004-07-13,2016,Zaitun,115600,927000000
694,595,296,Butuh uang,2021-02-21,2016,Coklat tua,109800,535000000
695,169,350,Jual mobil,1975-10-07,1998,Perak,103200,305000000
696,44,79,Jual mobil second,2010-01-19,2003,Ungu,14600,1880000000
697,35,278,Jual mobil second,1995-07-23,2019,Putih,150400,544000000
698,15,349,Jual mobil bagus,2021-05-21,2015,Nila,26600,1425000000
699,102,184,Butuh uang,1979-06-16,1996,Putih,189500,230000000
700,61,218,Jual mobil,1987-12-16,2010,Hijau tua,22100,1061000000
701,236,245,Butuh uang,2008-07-14,1997,Coklat tua,159400,1249000000
702,543,8,Jual murah,1980-09-06,2014,Merah jambu,120500,1085000000
703,45,298,Jual cepat,2020-05-01,2006,Perak,162400,1026000000
704,297,157,Jual mobil,1993-01-17,2000,Merah bata,115300,1332000000
705,649,159,Jual mobil,1983-11-04,2016,Ungu,66200,793000000
706,688,232,Jual mobil bagus,1974-09-15,1985,Merah bata,34500,970000000
707,415,309,Jual cepat,1976-03-24,1991,Merah,185400,1226000000
708,103,28,Butuh uang,2005-03-08,1971,Merah,111500,811000000
709,444,227,Jual mobil,1974-11-11,1978,Hijau,196200,1760000000
710,491,195,Jual mobil,1990-11-25,1988,Coklat,3600,1006000000
711,339,32,Jual mobil,1980-12-10,2014,Merah bata,171200,388000000
712,522,15,Jual cepat,2013-06-30,2008,Hitam,53300,1814000000
713,378,134,Butuh uang,1987-07-30,2007,Merah marun,101900,544000000
714,332,160,Jual mobil bagus,2022-07-17,2021,Biru muda,177300,1616000000
715,196,335,Butuh uang,2009-09-12,2012,Hijau tua,104200,696000000
716,164,58,Jual mobil second,2018-07-27,2013,Nila,78600,1875000000
717,122,57,Butuh uang,1977-01-12,2018,Biru dongker,78600,1852000000
718,236,136,Jual murah,2013-12-18,2014,Jingga,81900,926000000
719,142,275,Jual mobil,1976-11-21,2017,Jingga,68700,785000000
720,452,132,Butuh uang,2000-11-28,1977,Coklat,61000,1750000000
721,6,268,Jual mobil,2005-09-02,1999,Jingga,156500,1769000000
722,120,316,Jual cepat,2011-08-24,2019,Hijau muda,149000,898000000
723,74,30,Jual mobil bagus,2017-03-10,1996,Coklat,134100,1144000000
724,607,276,Jual cepat,1982-03-06,1987,Jingga,143100,1261000000
725,644,58,Butuh uang,1989-11-04,1971,Perak,70500,1136000000
726,153,186,Jual cepat,2014-10-17,1986,Hijau,163800,1611000000
727,648,140,Jual mobil,2020-10-05,2022,Nila,101300,128000000
728,277,293,Jual cepat,2002-04-14,1995,Perak,38200,1556000000
729,71,7,Jual mobil bagus,1993-07-20,1992,Putih,8000,401000000
730,213,294,Jual murah,1981-03-24,2005,Merah marun,158900,265000000
731,542,106,Jual mobil second,1980-07-12,1979,Coklat,3900,786000000
732,449,81,Jual mobil,2014-10-21,2003,Zaitun,127900,1559000000
733,5,252,Jual murah,2011-12-02,1984,Coklat,140700,1886000000
734,667,187,Jual cepat,2008-09-18,2021,Merah,69200,681000000
735,206,228,Jual murah,2007-01-03,1973,Abu-abu,97100,912000000
736,362,208,Butuh uang,2007-10-20,2009,Emas,87500,1928000000
737,479,256,Jual mobil bagus,2004-06-26,1984,Zaitun,186400,1565000000
738,259,188,Butuh uang,2020-12-16,1999,Emas,34600,685000000
739,583,25,Jual mobil,2004-06-10,2001,Merah bata,27900,1236000000
740,532,333,Jual murah,1973-08-14,2014,Hijau tua,106300,1825000000
741,289,139,Jual murah,2009-10-09,1983,Kuning,154900,1977000000
742,660,183,Jual mobil second,2002-01-12,2020,Abu-abu,189400,1171000000
743,534,220,Jual mobil,2012-01-08,2011,Coklat tua,47800,710000000
744,166,287,Jual mobil,1973-09-24,2023,Ungu tua,189100,1886000000
745,556,344,Jual murah,1978-07-19,1997,Kuning,72200,593000000
746,546,138,Jual mobil second,2013-06-28,1972,Emas,116400,1108000000
747,556,306,Jual cepat,2004-02-25,2007,Ungu tua,43600,1988000000
748,620,318,Jual mobil,1997-01-14,2004,Magenta,198300,1372000000
749,24,129,Jual mobil bagus,1982-08-31,1989,Coklat tua,80000,1268000000
750,651,243,Butuh uang,1975-04-20,2010,Jingga,198600,1079000000
751,69,342,Jual mobil bagus,2000-01-25,2000,Biru laut,197500,585000000
752,517,124,Jual mobil bagus,2015-08-29,2009,Biru dongker,4300,346000000
753,387,321,Jual mobil,1976-09-15,1985,Perak,117600,734000000
754,197,328,Jual murah,2003-07-12,2012,Emas,136100,798000000
755,189,112,Jual murah,2012-01-14,2019,Magenta,67600,1309000000
756,93,296,Jual mobil,1983-10-05,1991,Merah bata,143000,1259000000
757,598,329,Butuh uang,2022-09-01,1972,Hijau tua,19300,1237000000
758,249,188,Jual mobil,2020-10-25,1974,Hijau muda,189400,1755000000
759,661,335,Jual mobil bagus,1979-11-13,2000,Biru,150800,1880000000
760,449,107,Butuh uang,2016-04-03,1975,Magenta,150100,737000000
761,2,136,Jual mobil second,1991-12-01,2010,Merah,134200,498000000
762,17,256,Jual cepat,2001-09-12,1987,Ungu,166200,671000000
763,524,210,Jual mobil,1987-07-07,2000,Hitam,160400,1177000000
764,82,180,Butuh uang,1988-02-29,2010,Coklat tua,93700,1876000000
765,163,2,Jual mobil second,2016-03-13,2011,Hijau muda,149600,1580000000
766,328,237,Jual mobil bagus,1991-12-02,2007,Hijau,10600,906000000
767,451,335,Jual mobil,2016-06-13,2011,Emas,145700,1997000000
768,65,59,Jual mobil second,1972-10-09,1985,Zaitun,116200,832000000
769,186,61,Jual cepat,1989-01-01,1980,Biru muda,103100,1446000000
770,296,188,Jual cepat,2014-08-06,1991,Koral,184000,521000000
771,504,237,Butuh uang,1985-07-07,1976,Nila,189400,1187000000
772,576,335,Butuh uang,2003-06-18,1993,Coklat,162400,1393000000
773,464,261,Jual mobil,2002-07-21,1977,Biru laut,151200,1573000000
774,298,105,Jual mobil,1985-07-21,1988,Nila,46600,581000000
775,678,218,Jual mobil bagus,1992-03-06,1997,Jingga,122300,513000000
776,15,218,Jual murah,1998-02-16,1997,Ungu tua,137400,758000000
777,584,260,Jual mobil bagus,1994-11-24,2017,Hijau muda,195400,1572000000
778,214,294,Jual cepat,1993-09-04,2018,Hitam,26200,235000000
779,5,85,Jual mobil second,1983-06-28,1994,Biru laut,117000,477000000
780,318,242,Jual cepat,1970-03-17,2020,Coklat,39300,1133000000
781,615,165,Jual murah,1974-07-14,2016,Perak,63100,1159000000
782,551,303,Jual mobil,1979-04-22,2000,Hijau,119200,1300000000
783,598,308,Butuh uang,2016-07-04,2009,Merah bata,58400,630000000
784,324,17,Jual mobil second,1995-04-15,1981,Koral,8400,1797000000
785,434,229,Jual murah,2014-03-27,1971,Ungu,141000,1804000000
786,567,52,Jual mobil bagus,1985-07-27,2015,Merah bata,7000,1699000000
787,48,25,Jual mobil second,1988-08-12,1977,Nila,121200,846000000
788,221,159,Jual mobil bagus,2001-07-18,2016,Hijau tua,180400,646000000
789,445,48,Jual mobil second,1983-12-26,1999,Abu-abu,77900,1299000000
790,241,148,Jual murah,1984-08-14,1998,Emas,19500,1529000000
791,626,292,Jual murah,2002-06-29,1972,Abu-abu,56500,1970000000
792,400,49,Butuh uang,1983-07-24,1978,Zaitun,72000,583000000
793,521,76,Jual mobil bagus,1985-06-15,1975,Jingga,168600,1392000000
794,657,355,Jual cepat,1977-02-23,1983,Hitam,172800,1380000000
795,323,188,Jual mobil,2009-10-01,2023,Kuning,78700,1714000000
796,306,238,Jual mobil bagus,2019-09-23,2001,Perak,47000,381000000
797,66,252,Jual mobil,2017-03-02,1990,Biru,46100,214000000
798,541,34,Jual mobil,1979-10-01,2014,Nila,172700,1754000000
799,638,123,Jual cepat,1976-12-20,1970,Hijau muda,6200,125000000
800,62,297,Jual mobil second,1976-01-24,2001,Merah bata,102500,276000000
801,313,242,Butuh uang,2002-01-02,2012,Ungu,160100,1532000000
802,557,4,Jual mobil second,1991-04-14,1972,Magenta,55800,285000000
803,3,117,Jual mobil bagus,1976-10-16,1998,Abu-abu,27600,1099000000
804,217,187,Jual mobil,2009-10-10,1984,Magenta,170900,1040000000
805,154,135,Butuh uang,1995-10-22,2004,Jingga,164000,1201000000
806,646,265,Jual mobil,1986-06-21,2017,Jingga,92200,315000000
807,421,102,Butuh uang,2014-09-20,2017,Perak,154800,806000000
808,221,354,Jual murah,2014-07-22,2017,Biru dongker,62900,1403000000
809,690,279,Butuh uang,2004-05-24,1975,Emas,3800,450000000
810,382,72,Jual murah,2003-08-08,2009,Hijau muda,69900,1221000000
811,115,334,Jual mobil,1970-01-11,1972,Hijau muda,111500,1824000000
812,563,48,Jual mobil bagus,2011-11-16,1999,Biru laut,22600,1528000000
813,351,153,Jual cepat,2012-03-12,2013,Hitam,80500,1078000000
814,489,177,Jual murah,1996-04-13,1997,Perak,26500,1775000000
815,562,274,Jual mobil second,2015-06-13,2004,Merah jambu,93900,683000000
816,243,225,Jual mobil second,1987-03-19,1996,Putih,132500,596000000
817,357,321,Jual cepat,1973-05-30,2009,Hitam,73900,1514000000
818,343,6,Jual mobil bagus,2016-05-06,1991,Biru muda,63000,938000000
819,202,85,Jual murah,2014-03-14,1975,Magenta,87400,544000000
820,375,182,Jual mobil,1987-11-05,1974,Abu-abu,104700,1510000000
821,3,303,Jual mobil second,1972-11-29,1992,Koral,1700,695000000
822,133,285,Jual mobil bagus,1991-11-30,1997,Hitam,34300,879000000
823,390,96,Jual murah,1971-06-11,1993,Emas,120200,1676000000
824,364,266,Jual mobil second,1980-06-23,2014,Merah bata,106300,1763000000
825,282,194,Jual mobil second,2003-05-26,2004,Merah marun,5300,1833000000
826,676,130,Butuh uang,1976-03-26,1996,Ungu,166500,285000000
827,128,140,Jual mobil,2006-06-19,1975,Putih,32900,741000000
828,320,180,Butuh uang,1983-08-21,2016,Merah marun,48100,788000000
829,647,200,Jual cepat,1985-01-11,2014,Coklat tua,53500,675000000
830,270,287,Jual mobil second,2017-01-09,2007,Biru,134800,1132000000
831,397,296,Jual cepat,2003-08-30,1982,Kuning,150700,975000000
832,535,83,Jual cepat,2006-04-11,1978,Biru muda,159000,1793000000
833,151,216,Jual mobil bagus,1974-04-09,1974,Biru muda,156800,838000000
834,426,106,Jual mobil,1982-02-15,2023,Coklat tua,47600,1124000000
835,531,3,Jual mobil bagus,1979-10-01,1994,Hijau,165500,991000000
836,509,153,Butuh uang,1994-10-21,1986,Coklat tua,11800,471000000
837,196,130,Jual mobil second,2008-10-04,1972,Ungu,72800,1674000000
838,221,186,Jual mobil,2019-05-18,2005,Jingga,31600,689000000
839,139,182,Jual mobil bagus,1980-06-16,2016,Hijau,45100,1056000000
840,680,303,Jual mobil bagus,1984-06-26,2006,Putih,55900,963000000
841,289,95,Jual mobil bagus,2023-06-28,1989,Magenta,117900,1400000000
842,673,69,Butuh uang,1984-03-15,1982,Coklat,74600,1212000000
843,183,183,Jual mobil,2017-03-25,2000,Nila,167500,201000000
844,338,178,Jual murah,1995-01-18,1997,Hitam,61700,612000000
845,526,259,Jual cepat,1978-01-29,1985,Magenta,32300,273000000
846,457,141,Jual murah,1980-01-11,2007,Biru dongker,131100,1034000000
847,612,251,Jual mobil bagus,2014-11-21,1985,Perak,42000,464000000
848,460,137,Jual mobil bagus,1992-07-07,1986,Hijau,102200,1216000000
849,110,284,Jual murah,1987-12-10,2002,Merah,156700,1681000000
850,39,6,Jual murah,2013-04-17,1970,Hijau tua,198900,306000000
851,577,291,Jual cepat,2002-05-11,1972,Biru dongker,30900,657000000
852,155,32,Jual mobil second,2021-07-27,1987,Biru laut,103700,1482000000
853,682,321,Jual mobil,2005-05-16,1988,Koral,147500,215000000
854,37,42,Jual mobil second,1985-06-27,1982,Coklat tua,181900,410000000
855,220,146,Jual mobil second,2023-06-01,1995,Abu-abu,192600,900000000
856,398,32,Butuh uang,1990-04-18,1973,Hijau tua,114700,1830000000
857,552,344,Jual mobil,1996-07-06,1979,Magenta,192000,1707000000
858,420,194,Jual mobil,1989-08-23,1980,Magenta,117200,1389000000
859,467,229,Butuh uang,1986-06-20,1997,Putih,188200,1338000000
860,194,351,Jual cepat,2006-03-18,1997,Zaitun,154200,484000000
861,279,235,Jual cepat,2011-04-06,1983,Hijau,128400,328000000
862,68,342,Jual mobil second,2005-05-30,1987,Merah marun,31900,1601000000
863,398,301,Jual cepat,2010-10-30,2001,Hijau tua,100100,1427000000
864,240,71,Jual murah,2011-07-26,1993,Biru laut,12100,1008000000
865,306,237,Jual mobil bagus,2008-08-03,1984,Merah,96900,1766000000
866,94,114,Jual mobil bagus,2000-04-23,2012,Merah marun,113600,1635000000
867,301,271,Jual cepat,2014-06-13,2006,Kuning,178000,244000000
868,416,63,Jual mobil second,1990-09-24,1972,Hijau muda,200,633000000
869,296,100,Jual cepat,1991-07-02,2021,Hijau,61100,1083000000
870,295,67,Jual mobil second,1993-02-04,1981,Ungu tua,92900,303000000
871,569,90,Jual mobil,1992-09-14,1998,Zaitun,152100,239000000
872,130,210,Jual mobil,2004-09-13,2007,Hitam,101500,144000000
873,436,345,Jual murah,1975-01-17,2022,Coklat tua,190400,388000000
874,462,269,Jual murah,2014-03-26,2000,Ungu,64000,1148000000
875,350,231,Jual murah,1972-06-11,1996,Hijau muda,105400,730000000
876,12,211,Jual mobil,2019-11-14,1986,Coklat,164500,1300000000
877,110,127,Butuh uang,1978-05-29,1970,Hijau tua,33300,367000000
878,148,292,Jual mobil second,2012-11-12,2016,Biru dongker,169300,1814000000
879,547,263,Jual mobil,2001-09-29,2013,Kuning,96500,1425000000
880,686,339,Butuh uang,2001-09-15,1997,Coklat,91900,1947000000
881,544,48,Jual mobil second,1986-07-21,1977,Biru muda,112600,851000000
882,67,98,Jual mobil second,2012-05-04,1970,Merah marun,38800,1326000000
883,449,205,Jual mobil bagus,1983-09-26,1985,Biru,56600,1261000000
884,339,347,Jual mobil,1995-06-01,1978,Abu-abu,79700,725000000
885,230,174,Jual murah,1998-05-10,2017,Ungu,28500,1987000000
886,471,126,Jual mobil bagus,1982-03-15,1982,Emas,139300,140000000
887,439,202,Jual mobil bagus,2013-10-28,2013,Merah jambu,70000,513000000
888,554,59,Jual cepat,1996-07-26,2019,Perak,35900,983000000
889,581,159,Jual cepat,2007-03-03,2000,Merah bata,149100,1302000000
890,579,217,Jual mobil,1998-05-04,2012,Magenta,29700,875000000
891,148,140,Jual murah,2019-12-07,1983,Coklat,108300,1240000000
892,347,286,Jual murah,1971-09-09,1982,Merah marun,196800,1138000000
893,631,111,Jual cepat,1990-11-13,2002,Jingga,20100,419000000
894,144,140,Jual cepat,1973-02-03,1980,Merah bata,25800,685000000
895,447,156,Jual mobil second,2017-03-24,2019,Perak,159500,1497000000
896,640,232,Jual murah,1982-02-27,2014,Coklat tua,150200,1156000000
897,416,280,Jual cepat,2006-06-21,1973,Biru,44500,1838000000
898,67,171,Butuh uang,2016-01-03,1972,Biru dongker,136500,1592000000
899,245,335,Jual murah,2022-09-24,2021,Hijau tua,169200,335000000
900,316,333,Jual mobil bagus,1997-04-02,1990,Perak,64500,1691000000
901,186,40,Jual mobil second,1993-02-04,2019,Hijau muda,134800,521000000
902,361,257,Jual mobil,2000-09-30,2000,Merah bata,67600,791000000
903,354,146,Jual cepat,2001-09-20,2001,Merah marun,199900,1313000000
904,272,330,Jual mobil second,1987-06-12,1973,Merah jambu,62700,1770000000
905,13,183,Butuh uang,2011-12-30,1976,Hitam,21300,227000000
906,636,216,Jual cepat,1997-09-27,2000,Hijau tua,32900,939000000
907,328,144,Jual murah,2000-09-15,2022,Hitam,170400,1748000000
908,280,140,Butuh uang,1984-02-09,2021,Merah,97100,1302000000
909,497,85,Jual murah,1970-08-09,1994,Ungu tua,44700,1961000000
910,299,183,Butuh uang,2006-05-30,1989,Nila,144200,1207000000
911,430,140,Jual murah,2014-02-03,1997,Jingga,26200,1689000000
912,245,158,Jual murah,1970-04-25,1997,Zaitun,59400,921000000
913,568,36,Butuh uang,1981-01-05,1996,Biru muda,145200,1662000000
914,322,66,Jual mobil bagus,2011-08-30,1986,Merah,193800,354000000
915,290,244,Jual murah,2006-10-27,2010,Emas,66000,892000000
916,587,212,Jual mobil,2020-07-02,1977,Nila,25700,148000000
917,421,118,Butuh uang,1993-07-31,1988,Coklat tua,10500,308000000
918,625,151,Jual mobil second,2020-12-19,1988,Perak,108600,200000000
919,161,289,Jual mobil bagus,1974-12-03,1989,Ungu,101200,305000000
920,629,304,Butuh uang,1993-05-15,1974,Hitam,166900,1473000000
921,655,137,Jual mobil second,1970-11-20,1996,Biru dongker,68000,1407000000
922,381,145,Jual cepat,1982-02-06,1984,Zaitun,91400,1378000000
923,660,41,Jual mobil,1997-01-02,2008,Jingga,83600,1916000000
924,202,12,Jual mobil second,1979-05-05,1987,Ungu tua,39200,1732000000
925,345,9,Jual mobil second,2016-02-03,2020,Zaitun,54500,709000000
926,580,106,Jual mobil,1972-01-31,1976,Hijau tua,8800,1605000000
927,175,181,Jual mobil bagus,2012-01-04,1986,Ungu tua,87700,392000000
928,432,16,Jual murah,1987-12-07,2007,Coklat,132300,353000000
929,695,304,Jual mobil second,2004-09-19,1987,Hitam,115900,211000000
930,542,106,Jual mobil bagus,1996-02-20,1986,Perak,168800,1888000000
931,333,140,Jual mobil,1981-10-29,2014,Merah jambu,3100,800000000
932,95,325,Jual cepat,2013-08-11,1978,Koral,111300,286000000
933,283,179,Jual murah,2003-11-23,2000,Zaitun,166800,495000000
934,482,62,Jual murah,2005-08-03,2020,Hijau,149700,1085000000
935,180,221,Jual mobil,1974-09-04,2017,Hijau,116900,512000000
936,616,259,Jual mobil bagus,2020-02-12,1979,Magenta,42100,455000000
937,326,311,Jual mobil,1970-11-26,1975,Perak,25500,307000000
938,671,269,Jual mobil,2021-11-14,2007,Merah bata,58100,1646000000
939,654,226,Jual mobil,2011-11-15,2000,Kuning,153200,110000000
940,91,209,Jual cepat,2003-07-07,1985,Biru dongker,13900,118000000
941,534,252,Jual mobil second,1990-06-19,1970,Putih,118100,447000000
942,493,145,Jual mobil second,1983-11-22,2013,Merah bata,43300,1609000000
943,248,326,Jual mobil second,2014-07-18,2001,Merah jambu,137800,1809000000
944,444,93,Jual mobil second,1997-08-13,2008,Magenta,139100,1021000000
945,464,255,Jual mobil bagus,1972-08-02,1972,Biru dongker,54100,481000000
946,605,56,Butuh uang,1971-12-14,2006,Zaitun,40500,1034000000
947,304,314,Jual mobil bagus,1978-07-30,1987,Merah,47600,1551000000
948,663,302,Jual cepat,1985-04-29,2000,Hijau tua,22500,1907000000
949,178,15,Jual cepat,1990-05-13,1977,Koral,179000,371000000
950,220,68,Jual mobil second,1979-11-20,1996,Merah,153700,1574000000
951,429,245,Jual mobil,1994-04-08,1995,Biru laut,130900,352000000
952,162,240,Jual murah,2005-08-16,1990,Emas,142200,498000000
953,549,193,Jual mobil,1982-03-30,1980,Biru,40800,1497000000
954,619,74,Butuh uang,2009-07-04,2017,Coklat,189400,1787000000
955,675,334,Jual mobil second,2023-05-18,1971,Magenta,160800,707000000
956,481,24,Jual mobil bagus,2022-08-18,2001,Zaitun,84900,771000000
957,166,65,Jual cepat,1985-06-01,2021,Kuning,125100,756000000
958,604,19,Jual mobil bagus,1980-01-29,2019,Magenta,107200,983000000
959,52,300,Jual mobil bagus,1979-11-11,1975,Zaitun,27400,1378000000
960,48,29,Jual cepat,1973-08-25,1993,Jingga,36200,1943000000
961,643,251,Butuh uang,2018-11-22,1974,Perak,23800,1191000000
962,555,104,Jual mobil,1990-01-25,2014,Ungu tua,83400,879000000
963,494,281,Jual mobil,1981-01-16,1974,Coklat tua,10300,927000000
964,587,132,Jual mobil bagus,1980-03-04,2023,Hijau,30500,1906000000
965,107,280,Jual mobil bagus,1986-09-08,2023,Abu-abu,150000,1252000000
966,553,26,Jual cepat,1993-07-07,2012,Nila,195100,269000000
967,476,323,Jual murah,1992-02-20,2011,Nila,170800,372000000
968,543,255,Jual cepat,1982-03-03,2017,Emas,96800,387000000
969,230,28,Jual mobil second,1999-09-18,1973,Zaitun,46700,952000000
970,288,314,Jual mobil,2021-02-03,1987,Ungu tua,163800,758000000
971,392,32,Jual cepat,1984-07-28,1970,Perak,96900,1016000000
972,552,343,Butuh uang,2003-11-23,2006,Nila,178600,284000000
973,664,288,Butuh uang,1991-05-28,1975,Hijau muda,177900,327000000
974,413,41,Jual murah,1976-08-22,1995,Biru muda,44700,916000000
975,528,354,Jual cepat,1992-03-31,2014,Koral,75300,1235000000
976,353,288,Jual mobil second,2017-07-22,2009,Kuning,183400,777000000
977,464,304,Butuh uang,1971-04-25,2018,Biru laut,129000,211000000
978,680,235,Butuh uang,2002-08-08,1971,Merah bata,14400,326000000
979,645,109,Jual mobil second,1975-03-15,2004,Putih,170300,1792000000
980,281,180,Jual mobil bagus,1987-03-22,1971,Biru dongker,108700,368000000
981,195,70,Jual cepat,1998-09-24,2010,Coklat,156100,1641000000
982,551,6,Jual mobil second,1979-05-14,2005,Biru dongker,5800,1943000000
983,94,109,Jual cepat,1999-04-07,1991,Nila,193700,1355000000
984,62,222,Jual mobil bagus,2000-05-20,1995,Merah,111900,1610000000
985,561,249,Jual mobil second,1976-07-11,1999,Perak,128400,146000000
986,648,167,Jual cepat,1983-06-10,1998,Nila,137000,1935000000
987,156,259,Jual mobil bagus,2003-12-06,2015,Hijau tua,45300,1101000000
988,213,9,Jual cepat,1977-01-22,1994,Putih,128000,1512000000
989,104,264,Jual cepat,1983-11-06,1996,Biru dongker,44600,510000000
990,479,35,Jual cepat,2013-09-12,1986,Hitam,29300,1921000000
991,244,202,Jual mobil,2006-08-24,2006,Merah bata,91900,960000000
992,142,338,Jual murah,2021-09-19,2006,Coklat tua,108100,1981000000
993,15,114,Jual mobil,2009-10-26,1988,Merah marun,73100,1237000000
994,387,11,Jual cepat,1993-04-14,1982,Jingga,67100,1180000000
995,217,261,Jual cepat,1979-09-19,2005,Merah,137900,1512000000
996,453,156,Butuh uang,1975-11-14,2005,Kuning,121900,916000000
997,653,338,Jual cepat,1984-01-13,1980,Putih,144400,1785000000
998,24,284,Jual mobil bagus,1998-04-21,1995,Abu-abu,181600,402000000
999,134,263,Butuh uang,1999-06-23,1994,Nila,179000,1786000000
1000,388,334,Jual murah,2016-06-04,2022,Hijau tua,126700,609000000
