bid_id,user_id,ads_id,bid_date,bid_price
1,255,371,1995-07-12,1776000000
2,608,501,1990-01-18,1043000000
3,195,500,1990-08-12,1270000000
4,475,204,1992-02-15,1331000000
5,42,112,1985-03-17,867000000
6,102,318,2005-03-25,1283000000
7,424,748,2021-02-03,1039000000
8,638,651,1986-10-20,1631000000
9,362,126,2016-04-23,1734000000
10,681,6,2009-07-05,683000000
11,489,196,2008-03-15,1653000000
12,297,809,1987-03-25,424000000
13,58,245,2016-09-11,688000000
14,680,386,1997-03-03,1848000000
15,553,640,2018-07-15,382000000
16,495,809,2007-12-03,820000000
17,592,178,2007-06-18,986000000
18,530,653,1991-08-31,752000000
19,348,269,1991-10-27,538000000
20,132,705,2018-08-28,1639000000
21,410,407,1987-07-03,1106000000
22,597,205,2017-01-22,1721000000
23,628,923,1979-05-23,639000000
24,444,241,1972-09-11,1820000000
25,572,116,2015-06-16,1475000000
26,486,876,1998-12-09,104000000
27,391,582,1975-05-07,1205000000
28,11,604,2000-10-15,320000000
29,647,166,2005-11-24,206000000
30,203,891,1990-01-28,1161000000
31,123,875,2001-03-22,375000000
32,493,722,2004-08-21,657000000
33,195,234,2014-02-13,1578000000
34,674,917,2015-10-12,259000000
35,21,907,1981-09-04,637000000
36,391,877,2023-04-23,819000000
37,111,249,2004-06-24,1642000000
38,16,360,1994-01-01,590000000
39,467,962,2023-08-31,592000000
40,288,981,1989-08-28,1430000000
41,627,897,2016-08-12,518000000
42,319,202,2018-02-13,1294000000
43,323,940,1970-11-28,558000000
44,324,743,1999-01-26,1022000000
45,420,217,2023-05-24,1889000000
46,575,499,2001-10-18,849000000
47,612,558,1989-07-25,1197000000
48,395,652,1986-04-03,1002000000
49,603,827,1980-05-12,1561000000
50,397,191,1991-03-12,376000000
51,73,614,1977-10-02,133000000
52,18,482,2011-05-30,1756000000
53,585,509,2003-08-01,1277000000
54,700,945,1987-05-17,722000000
55,488,970,1986-09-11,189000000
56,30,630,1979-11-25,370000000
57,111,534,2004-06-20,121000000
58,384,8,1987-05-07,386000000
59,416,940,1997-08-06,308000000
60,587,576,2022-11-10,1378000000
61,619,685,2003-08-29,1135000000
62,143,321,2013-11-28,1552000000
63,395,176,1970-10-17,1945000000
64,298,479,1987-08-27,1118000000
65,698,294,2011-02-18,1111000000
66,402,731,1985-06-15,1125000000
67,637,972,2022-05-04,1350000000
68,468,223,1977-02-26,175000000
69,103,241,2002-09-18,734000000
70,631,791,1975-12-31,1692000000
71,22,410,1992-04-05,216000000
72,516,626,2013-10-25,1951000000
73,37,873,1981-11-14,973000000
74,17,881,1987-10-20,653000000
75,309,641,1991-01-31,319000000
76,366,381,1991-12-01,936000000
77,352,207,1978-04-03,184000000
78,360,988,2002-06-01,155000000
79,233,46,1986-10-02,395000000
80,396,654,1977-06-14,214000000
81,651,246,2008-07-27,1679000000
82,266,236,1995-09-05,1182000000
83,89,405,2006-10-21,1738000000
84,72,790,1983-11-17,1622000000
85,129,808,1974-02-27,1701000000
86,229,257,1987-04-07,1625000000
87,339,597,2006-03-23,851000000
88,316,308,2010-05-23,803000000
89,597,149,2021-08-08,1356000000
90,225,922,1980-05-31,880000000
91,248,708,2019-07-21,134000000
92,694,990,1983-12-26,729000000
93,497,203,1996-09-26,143000000
94,147,921,2001-02-21,599000000
95,174,767,1998-05-11,1784000000
96,44,662,1989-02-07,713000000
97,424,263,2016-02-19,1304000000
98,369,233,1997-11-26,1283000000
99,435,215,1996-04-04,1451000000
100,312,518,1995-02-15,804000000
101,451,247,1975-06-06,637000000
102,352,582,2022-03-03,980000000
103,641,333,1994-10-27,1526000000
104,258,30,1986-08-13,1664000000
105,195,772,1977-05-08,1309000000
106,166,493,1989-10-13,1847000000
107,639,117,1985-08-13,1179000000
108,174,283,1999-08-03,186000000
109,507,191,1979-06-30,459000000
110,310,24,2018-04-14,284000000
111,202,86,1987-12-15,1352000000
112,639,357,2006-05-23,693000000
113,86,282,1994-09-13,383000000
114,202,448,1994-11-10,1429000000
115,53,576,2023-03-13,1606000000
116,207,302,2010-09-12,1484000000
117,492,205,1990-01-08,1021000000
118,291,639,1979-10-11,1115000000
119,244,73,1991-08-09,395000000
120,461,234,1987-03-10,115000000
121,691,759,1974-12-28,407000000
122,499,298,2006-07-21,1683000000
123,146,398,1979-08-03,1706000000
124,570,341,1984-03-09,350000000
125,602,28,1972-04-15,744000000
126,80,810,1980-02-01,1639000000
127,2,767,1992-06-13,1523000000
128,530,771,2007-09-18,488000000
129,348,639,1974-11-17,1203000000
130,53,959,1996-05-03,515000000
131,650,622,1990-11-26,1939000000
132,502,841,1996-06-14,118000000
133,501,458,2022-07-26,534000000
134,217,526,1994-08-25,418000000
135,176,384,1971-04-08,1723000000
136,265,913,1984-11-02,942000000
137,124,170,2017-08-29,1944000000
138,385,177,2010-03-04,998000000
139,249,656,2003-07-06,440000000
140,329,213,1980-01-09,1850000000
141,416,946,1972-11-22,1228000000
142,155,60,1973-03-20,848000000
143,325,899,1971-11-23,359000000
144,317,264,2014-12-11,1403000000
145,76,278,1992-09-26,178000000
146,343,682,1971-04-26,263000000
147,295,770,2000-05-21,553000000
148,219,926,2020-04-03,290000000
149,481,661,1980-11-21,1807000000
150,160,287,1978-10-24,1843000000
151,581,96,1972-05-25,623000000
152,169,814,2021-11-05,921000000
153,173,403,1991-09-27,176000000
154,630,692,2003-06-24,1021000000
155,448,574,1972-05-25,1804000000
156,291,753,2023-06-18,970000000
157,218,66,1971-04-05,168000000
158,76,456,1991-03-24,1981000000
159,663,389,1980-04-08,1012000000
160,481,591,2016-10-20,557000000
161,456,71,2001-10-11,368000000
162,480,292,2022-08-31,778000000
163,317,277,2013-11-13,694000000
164,92,211,1980-02-14,628000000
165,686,784,1980-11-17,928000000
166,210,165,2015-06-25,476000000
167,689,555,1993-08-29,1766000000
168,115,548,1970-02-02,207000000
169,321,910,1986-09-10,889000000
170,471,759,2020-05-01,1314000000
171,676,450,1986-12-08,1032000000
172,24,900,1979-08-13,362000000
173,111,233,1971-05-24,1297000000
174,363,146,2019-01-13,451000000
175,174,439,1989-06-02,1640000000
176,348,409,1989-01-03,901000000
177,454,866,1981-01-23,1605000000
178,439,673,1990-06-03,105000000
179,346,65,2004-01-15,797000000
180,563,348,2017-04-23,537000000
181,592,957,1984-10-23,418000000
182,484,69,2016-07-19,158000000
183,152,642,1987-05-13,1262000000
184,519,136,1996-05-30,1993000000
185,490,42,2009-07-26,684000000
186,516,277,1980-09-05,1902000000
187,328,966,2000-10-25,456000000
188,524,83,2011-07-28,1632000000
189,380,166,1974-11-04,737000000
190,457,512,1974-01-06,334000000
191,336,961,2014-07-24,1394000000
192,299,630,1971-07-03,1118000000
193,11,890,2005-08-10,1264000000
194,388,312,1977-07-26,1242000000
195,279,438,2002-10-06,1353000000
196,199,72,1987-01-02,1675000000
197,640,942,2021-03-23,1583000000
198,143,526,2001-05-21,656000000
199,301,808,2019-05-11,1258000000
200,445,321,1971-04-05,998000000
201,307,221,2017-08-31,255000000
202,520,112,2012-07-24,1220000000
203,232,636,2008-02-06,260000000
204,699,558,1996-01-18,1290000000
205,133,7,2011-10-30,975000000
206,689,920,2022-07-10,1966000000
207,21,738,1978-08-04,1171000000
208,375,108,2013-12-23,1761000000
209,559,499,2005-02-16,1065000000
210,19,361,1975-10-08,1320000000
211,375,720,1971-07-17,271000000
212,581,784,2014-05-10,251000000
213,286,601,2013-12-11,676000000
214,305,224,1997-10-30,1801000000
215,534,774,1971-10-31,723000000
216,691,255,2008-10-19,990000000
217,149,643,1987-07-18,263000000
218,260,669,1986-09-19,158000000
219,60,228,2014-02-23,1698000000
220,160,631,1976-06-26,396000000
221,360,645,1978-06-01,1465000000
222,271,540,1999-04-22,518000000
223,377,345,2022-02-13,804000000
224,74,557,2019-12-12,449000000
225,164,57,1985-09-07,1880000000
226,515,74,2021-05-01,339000000
227,72,268,1970-09-20,919000000
228,594,899,1977-10-29,309000000
229,428,874,2019-08-31,186000000
230,430,989,2016-12-30,200000000
231,322,177,2006-08-21,444000000
232,633,293,1989-06-27,1154000000
233,580,358,2022-06-18,580000000
234,253,200,1990-09-06,1299000000
235,153,336,2001-11-06,135000000
236,193,41,1982-03-29,1594000000
237,553,453,2012-07-06,1114000000
238,231,262,1993-05-14,343000000
239,678,896,1985-02-25,946000000
240,9,361,1989-09-02,642000000
241,237,478,2014-08-17,472000000
242,322,484,1995-03-17,1153000000
243,699,686,1982-04-05,481000000
244,282,49,1984-12-27,976000000
245,602,773,1973-03-21,842000000
246,363,787,2015-11-28,1019000000
247,202,871,2000-06-24,951000000
248,312,900,1984-03-11,515000000
249,67,591,2003-02-27,1618000000
250,519,784,2017-10-25,1158000000
251,329,321,1993-12-15,1681000000
252,103,817,2000-12-14,1215000000
253,180,906,1990-01-21,839000000
254,527,287,2015-04-17,1054000000
255,311,643,2017-03-28,893000000
256,690,84,2015-06-29,457000000
257,310,766,1981-01-23,1602000000
258,302,863,1981-03-02,115000000
259,650,750,2010-10-01,509000000
260,671,28,2018-07-20,1869000000
261,360,16,2003-09-22,1572000000
262,578,26,2020-09-29,764000000
263,455,976,2023-06-06,1651000000
264,656,139,2004-02-17,432000000
265,549,829,2006-12-21,1316000000
266,319,984,2012-02-22,1025000000
267,309,135,1995-02-03,1896000000
268,620,73,1993-01-27,473000000
269,282,955,2005-08-26,1400000000
270,378,588,1991-02-01,1098000000
271,145,448,2002-11-24,959000000
272,357,382,2020-02-26,260000000
273,170,972,2008-04-04,1806000000
274,316,316,1990-05-25,1849000000
275,533,542,1986-10-03,294000000
276,37,265,1990-02-17,1742000000
277,188,214,1988-09-22,1320000000
278,404,811,2002-02-24,534000000
279,351,344,1977-04-25,1085000000
280,581,529,1975-07-31,1999000000
281,561,597,1974-10-05,434000000
282,306,380,2013-05-13,686000000
283,62,842,2014-02-14,970000000
284,375,958,2008-07-30,1277000000
285,619,968,1989-09-24,739000000
286,322,963,2022-12-11,810000000
287,481,176,1980-10-28,752000000
288,96,192,2009-10-07,1493000000
289,370,871,1989-08-04,1555000000
290,30,465,1974-12-05,129000000
291,298,168,2017-09-11,832000000
292,635,898,1977-06-12,1989000000
293,76,718,2004-09-11,196000000
294,23,300,1997-03-09,1266000000
295,649,18,2007-05-24,1282000000
296,533,587,2018-07-27,1857000000
297,625,311,1989-12-03,614000000
298,615,407,1995-04-26,662000000
299,126,840,1972-11-04,710000000
300,645,422,2022-01-24,1768000000
301,180,428,2015-08-09,180000000
302,618,320,2021-05-03,520000000
303,99,477,1991-10-09,1897000000
304,267,98,2001-04-22,417000000
305,567,582,1973-04-29,814000000
306,321,323,2001-01-22,1717000000
307,660,812,1985-06-01,1657000000
308,262,99,2004-07-28,206000000
309,529,757,1973-07-11,750000000
310,492,572,2012-10-20,1328000000
311,168,918,1973-04-24,1684000000
312,103,557,2013-09-26,1302000000
313,690,949,2011-08-24,964000000
314,33,900,1996-04-23,1280000000
315,20,560,1987-06-23,501000000
316,72,321,1986-08-31,869000000
317,321,131,1980-01-26,1430000000
318,368,921,1979-05-22,696000000
319,65,634,2011-10-13,820000000
320,193,223,1975-10-03,655000000
321,428,939,1978-11-30,144000000
322,683,749,1996-04-30,1584000000
323,502,445,1988-01-01,268000000
324,214,40,2002-11-20,1943000000
325,217,714,2018-03-14,1639000000
326,427,660,1976-12-16,1965000000
327,611,176,2005-07-30,1164000000
328,523,739,2019-06-01,1720000000
329,272,892,2021-02-12,656000000
330,697,108,1977-11-10,231000000
331,59,711,1981-07-24,397000000
332,449,546,1985-06-23,1116000000
333,521,772,1983-05-25,1318000000
334,170,192,1991-07-25,1150000000
335,290,229,2011-01-07,544000000
336,425,310,2017-11-01,1360000000
337,90,429,2011-02-24,197000000
338,428,37,1975-05-28,1894000000
339,597,626,1993-06-26,1949000000
340,225,677,1980-01-04,1305000000
341,641,450,1981-10-12,727000000
342,269,563,2007-02-26,1230000000
343,196,883,1998-12-21,1539000000
344,167,503,2010-04-15,1187000000
345,445,429,2000-01-26,1047000000
346,19,225,2017-05-18,1250000000
347,375,601,1995-10-13,1316000000
348,439,262,2016-04-08,1055000000
349,4,99,2021-06-02,1164000000
350,210,634,2003-07-11,508000000
351,201,556,2017-08-28,404000000
352,394,658,1988-06-14,936000000
353,368,891,2023-07-18,672000000
354,669,211,1970-07-17,1444000000
355,48,116,1996-01-29,585000000
356,617,624,1992-12-31,1743000000
357,386,266,2006-06-13,1877000000
358,367,15,2002-07-22,1266000000
359,329,76,2014-05-26,727000000
360,252,863,2002-05-14,1572000000
361,625,294,2010-03-22,739000000
362,632,984,1981-08-08,489000000
363,269,202,1979-02-22,919000000
364,674,311,2021-06-15,910000000
365,601,461,1977-03-31,1608000000
366,141,513,1974-03-02,945000000
367,346,532,2009-01-27,1146000000
368,317,972,2005-06-12,833000000
369,633,195,1975-02-24,1292000000
370,37,554,1991-04-19,279000000
371,132,946,1972-07-25,1092000000
372,469,823,1971-09-13,628000000
373,123,750,2015-11-24,257000000
374,686,568,1970-11-27,559000000
375,180,777,2017-01-29,249000000
376,23,187,2021-11-29,1527000000
377,454,874,2002-11-07,1578000000
378,320,193,1972-09-07,1856000000
379,2,214,1973-03-07,468000000
380,545,113,2004-04-26,1455000000
381,270,658,1973-11-11,893000000
382,588,246,2008-04-22,1454000000
383,291,547,1985-01-16,281000000
384,248,485,1976-07-24,139000000
385,352,867,1980-03-09,1286000000
386,655,587,2016-08-03,803000000
387,107,702,1982-08-04,1120000000
388,692,338,1987-05-23,223000000
389,622,54,1979-08-18,1659000000
390,327,991,1993-01-01,1244000000
391,292,540,1999-09-07,330000000
392,385,150,1982-06-07,454000000
393,175,909,2010-05-31,1217000000
394,192,767,1970-06-23,1898000000
395,6,964,2007-04-18,1106000000
396,143,343,2006-09-21,1564000000
397,546,393,2015-07-10,1728000000
398,86,469,2002-04-06,1431000000
399,654,185,1994-12-06,1786000000
400,602,654,1975-03-07,1959000000
401,328,607,2017-05-03,851000000
402,195,320,1988-09-15,1972000000
403,470,251,1997-11-16,1755000000
404,78,180,1970-03-12,1828000000
405,567,138,2018-04-30,1489000000
406,398,962,1988-02-07,762000000
407,584,414,1981-10-04,1147000000
408,563,254,2017-12-25,1318000000
409,92,477,1997-09-10,1122000000
410,360,381,2014-04-02,254000000
411,34,225,2005-07-13,1793000000
412,317,38,2013-12-02,559000000
413,533,935,1983-11-21,1110000000
414,226,805,2012-03-18,1878000000
415,312,578,2020-12-04,854000000
416,324,764,1976-12-06,1676000000
417,298,932,1977-09-02,1961000000
418,457,490,2013-06-22,135000000
419,29,710,1990-12-29,538000000
420,638,221,2012-03-30,1979000000
421,128,817,1977-09-15,1309000000
422,498,921,1992-06-02,1992000000
423,504,282,1973-12-26,734000000
424,670,441,1990-08-29,228000000
425,680,903,2019-12-07,1995000000
426,486,754,1977-07-13,1447000000
427,537,602,1998-07-29,735000000
428,294,348,1995-06-07,1975000000
429,373,54,2016-12-23,1295000000
430,576,156,1995-07-25,1199000000
431,297,211,2023-04-14,828000000
432,657,229,1977-06-29,1151000000
433,603,160,2022-11-27,1888000000
434,630,911,1976-04-28,729000000
435,330,266,1981-09-09,1653000000
436,446,671,1974-04-05,1195000000
437,493,965,1981-04-02,712000000
438,591,130,2014-03-05,805000000
439,130,319,1993-06-17,1747000000
440,83,403,2002-10-30,1494000000
441,159,996,2015-04-21,371000000
442,676,484,1992-06-13,1708000000
443,21,940,1974-12-25,1816000000
444,315,725,2003-03-20,1753000000
445,428,879,2020-02-21,148000000
446,422,221,2008-12-07,854000000
447,612,437,1984-01-22,1769000000
448,683,433,1990-07-16,1027000000
449,398,782,1995-11-28,683000000
450,93,704,1971-05-14,1928000000
451,242,578,1980-02-23,368000000
452,238,447,1990-01-11,1817000000
453,690,616,1990-09-20,1118000000
454,31,98,2002-06-14,1453000000
455,29,431,1974-02-07,1444000000
456,565,550,1986-12-23,116000000
457,17,478,1987-09-06,1682000000
458,378,770,1995-06-09,960000000
459,72,648,1970-04-07,1695000000
460,31,891,1992-10-05,719000000
461,207,941,2007-04-12,1984000000
462,472,704,2021-06-03,1708000000
463,26,383,2017-11-13,1087000000
464,642,698,1975-09-13,1926000000
465,674,914,1972-03-04,374000000
466,189,757,2011-06-14,796000000
467,78,451,1982-04-06,1606000000
468,265,408,2022-06-15,1020000000
469,23,408,2013-08-08,681000000
470,104,942,1995-11-16,712000000
471,160,642,1977-05-15,1769000000
472,700,300,2013-02-26,959000000
473,415,974,1993-03-11,550000000
474,529,988,1974-03-29,1687000000
475,354,853,1982-07-13,1091000000
476,84,810,2006-02-12,1206000000
477,550,697,1996-06-21,780000000
478,433,219,2009-09-11,927000000
479,689,578,2014-03-15,159000000
480,386,662,2010-11-22,944000000
481,288,521,1979-03-15,338000000
482,579,745,2001-08-30,189000000
483,600,817,1981-03-19,926000000
484,200,67,2002-03-17,1835000000
485,692,185,1979-08-25,1696000000
486,106,22,2016-09-03,1405000000
487,670,211,1975-09-25,1996000000
488,305,636,2006-04-15,1760000000
489,29,397,1983-11-19,232000000
490,519,802,1991-05-28,925000000
491,200,972,2021-07-08,1354000000
492,271,908,1982-10-23,1621000000
493,206,74,2002-07-26,754000000
494,280,320,2008-07-30,1392000000
495,466,779,1987-06-03,1005000000
496,109,138,2022-07-01,682000000
497,96,255,2010-02-27,1990000000
498,642,453,1975-07-28,930000000
499,538,816,2021-07-21,1862000000
500,81,431,2001-01-23,550000000
501,301,974,2018-11-08,805000000
502,600,54,2022-01-17,558000000
503,422,753,1980-09-11,1370000000
504,191,228,1989-06-09,593000000
505,624,206,1984-08-20,1364000000
506,227,141,1981-08-27,1378000000
507,158,951,1976-03-14,1274000000
508,271,222,1989-05-05,273000000
509,637,796,2003-01-20,1720000000
510,395,446,1993-12-30,1624000000
511,605,557,1983-10-02,106000000
512,378,753,2011-05-08,1395000000
513,126,176,1997-03-05,1690000000
514,515,949,1984-02-05,637000000
515,131,59,1995-12-13,1731000000
516,84,646,1985-07-26,380000000
517,602,109,1971-05-31,486000000
518,311,480,1991-04-23,379000000
519,452,776,2020-07-05,1707000000
520,63,487,1980-07-24,1240000000
521,631,190,2012-03-29,189000000
522,125,235,1989-08-07,1585000000
523,573,266,1982-12-10,305000000
524,460,12,2001-11-04,325000000
525,630,375,1987-01-30,1250000000
526,300,37,2018-12-09,1949000000
527,599,903,1983-08-05,1945000000
528,471,709,2000-03-30,406000000
529,482,318,1978-04-23,1302000000
530,554,558,1974-09-23,1224000000
531,544,403,1988-12-30,738000000
532,432,650,2009-07-20,217000000
533,386,385,2004-10-29,236000000
534,430,929,1996-12-06,923000000
535,695,585,2009-03-14,493000000
536,169,484,1976-07-18,257000000
537,19,719,2010-04-14,1886000000
538,198,780,1978-04-21,1733000000
539,670,45,1991-04-08,515000000
540,284,268,1974-06-07,1531000000
541,554,344,1992-04-18,500000000
542,284,976,1981-06-17,1231000000
543,528,371,1991-07-01,902000000
544,123,437,1989-06-28,1643000000
545,554,779,1985-08-11,494000000
546,571,368,2008-03-10,1385000000
547,269,1000,2000-04-22,1543000000
548,245,579,1994-11-02,781000000
549,157,707,2021-08-29,841000000
550,671,937,2000-12-27,1440000000
551,93,865,2002-02-13,340000000
552,25,449,2009-01-26,1917000000
553,20,618,2010-12-27,1927000000
554,131,735,1979-08-25,1858000000
555,389,691,1994-10-05,1947000000
556,456,307,2012-07-31,763000000
557,125,54,1974-06-18,526000000
558,687,781,2007-10-05,310000000
559,200,159,1979-10-11,1429000000
560,253,111,1996-07-01,1980000000
561,176,932,1973-07-09,777000000
562,544,446,1984-12-26,1517000000
563,609,245,1997-05-20,1824000000
564,323,349,2020-06-17,602000000
565,335,423,1983-03-26,833000000
566,575,258,2022-02-24,240000000
567,174,932,2017-04-22,217000000
568,511,671,2019-07-26,853000000
569,550,395,1972-03-12,1170000000
570,132,100,2005-06-14,977000000
571,219,885,1976-07-30,762000000
572,617,388,2002-08-09,858000000
573,266,830,2005-12-27,642000000
574,8,812,1983-06-07,435000000
575,222,440,2008-10-08,993000000
576,198,445,1985-07-01,662000000
577,78,64,1984-05-07,1468000000
578,318,614,2003-06-26,511000000
579,40,321,2010-01-14,146000000
580,611,328,2007-09-26,734000000
581,493,941,2020-06-02,1702000000
582,90,110,2011-09-05,1499000000
583,479,293,1977-09-12,1161000000
584,666,291,1986-03-07,911000000
585,392,5,1971-09-26,609000000
586,456,417,1978-09-24,1596000000
587,699,2,1996-11-24,1217000000
588,426,66,2010-01-23,875000000
589,534,693,1970-01-07,1659000000
590,302,514,1980-01-01,103000000
591,189,473,1987-05-08,603000000
592,148,398,1970-03-19,1835000000
593,615,89,1971-12-16,1929000000
594,70,283,1987-09-18,190000000
595,84,777,2000-12-22,1684000000
596,228,676,2022-07-13,227000000
597,119,504,2005-11-30,1340000000
598,587,240,2003-06-07,1961000000
599,133,267,2016-05-31,607000000
600,537,667,1972-12-19,1351000000
601,411,834,1992-12-19,695000000
602,690,95,2011-10-08,537000000
603,19,490,1987-11-07,1282000000
604,484,216,2021-06-15,1606000000
605,106,667,1996-10-16,1868000000
606,241,634,1980-02-12,1803000000
607,94,81,1984-03-03,1278000000
608,1,430,2018-07-04,1182000000
609,303,452,2008-03-06,1856000000
610,90,178,1992-07-13,971000000
611,177,718,1981-03-18,958000000
612,32,723,1993-03-23,123000000
613,645,921,2023-08-23,1363000000
614,5,480,2002-10-06,1910000000
615,274,885,2020-07-11,1028000000
616,632,653,2022-04-21,1102000000
617,489,517,2020-07-17,292000000
618,382,434,2022-06-13,727000000
619,260,11,2022-08-01,1627000000
620,105,156,2007-10-01,227000000
621,326,931,2007-10-04,1449000000
622,43,371,2011-05-21,1942000000
623,447,21,1989-12-23,1527000000
624,602,150,2016-04-06,1788000000
625,58,583,2000-09-24,986000000
626,47,267,1972-09-13,1950000000
627,162,127,1970-04-15,1444000000
628,629,543,2016-06-16,1345000000
629,270,12,1978-10-10,1026000000
630,191,149,1992-09-21,1070000000
631,477,877,1974-08-29,837000000
632,568,793,1995-09-26,784000000
633,632,32,1996-07-04,1150000000
634,8,432,1972-03-04,139000000
635,341,89,1984-10-12,1121000000
636,589,665,2009-12-20,1819000000
637,190,702,1981-12-21,1613000000
638,281,445,1971-02-03,916000000
639,628,517,2006-11-09,972000000
640,571,540,2012-12-17,802000000
641,644,916,2014-08-11,724000000
642,597,122,1989-10-31,878000000
643,265,468,1978-12-27,1173000000
644,458,606,1996-12-21,841000000
645,216,354,1994-04-02,1610000000
646,563,194,1990-12-20,290000000
647,562,281,1999-02-08,152000000
648,193,122,1994-09-02,788000000
649,353,657,1982-09-21,676000000
650,411,514,1995-09-12,220000000
651,5,745,2003-11-27,106000000
652,329,688,2019-04-16,455000000
653,615,782,1999-07-11,581000000
654,29,776,1996-10-27,1462000000
655,198,504,2007-06-29,234000000
656,157,471,1973-12-26,1361000000
657,412,613,2010-12-25,1080000000
658,425,767,1972-06-25,1574000000
659,623,139,1992-09-11,571000000
660,460,579,2020-04-07,1925000000
661,639,301,1982-11-19,667000000
662,480,704,2018-07-03,1746000000
663,77,385,1977-01-01,162000000
664,425,536,1996-04-20,643000000
665,287,370,1976-03-07,484000000
666,433,216,2005-01-31,1336000000
667,581,260,1988-01-31,1651000000
668,255,702,1970-03-19,455000000
669,543,284,2022-06-02,1827000000
670,147,523,2014-12-21,104000000
671,629,80,2017-02-14,1227000000
672,617,376,1980-08-05,1843000000
673,234,92,2005-04-06,1514000000
674,148,17,2005-09-29,1924000000
675,134,620,2005-01-06,1181000000
676,297,680,2002-05-31,535000000
677,638,780,2012-12-04,1951000000
678,304,793,2020-01-15,1582000000
679,9,756,1979-07-26,1052000000
680,339,151,1973-09-15,1270000000
681,122,859,1996-06-23,1183000000
682,106,16,2014-01-12,452000000
683,234,111,1984-08-02,1385000000
684,339,418,1975-09-14,595000000
685,21,89,2011-01-26,601000000
686,691,625,1979-06-10,1194000000
687,143,746,1989-06-23,1737000000
688,578,906,1973-08-05,470000000
689,284,438,1974-07-28,943000000
690,315,653,2005-04-02,1891000000
691,70,993,2005-06-17,1909000000
692,16,213,1975-04-14,557000000
693,318,680,1997-10-09,1218000000
694,191,607,2017-01-31,1025000000
695,251,478,1988-04-08,475000000
696,680,435,1987-07-07,1523000000
697,41,963,2018-07-03,682000000
698,405,534,2012-09-17,1700000000
699,504,325,1993-06-22,974000000
700,84,825,2001-06-05,1634000000
701,102,185,1976-01-11,1708000000
702,100,6,1995-08-08,562000000
703,384,998,2005-01-20,1496000000
704,186,931,2010-04-22,403000000
705,501,161,1971-02-18,1169000000
706,144,108,2018-12-08,361000000
707,33,172,2021-12-08,389000000
708,686,145,2007-09-22,1115000000
709,206,49,1972-01-07,509000000
710,201,923,1987-05-22,1658000000
711,68,434,1985-05-12,1962000000
712,82,986,1973-11-10,1730000000
713,624,593,1972-10-13,1644000000
714,134,605,1977-12-05,364000000
715,386,403,1993-08-05,950000000
716,529,901,1976-11-15,435000000
717,677,824,1984-01-22,811000000
718,91,832,2004-10-04,1996000000
719,27,924,2018-08-11,1260000000
720,432,562,1990-08-14,1513000000
721,515,342,2021-05-09,1860000000
722,157,967,2005-12-30,853000000
723,679,481,1980-04-12,1932000000
724,544,163,1989-11-06,611000000
725,411,709,2023-04-26,1973000000
726,7,159,2022-02-09,1760000000
727,138,359,2021-12-28,1718000000
728,387,118,2008-07-30,204000000
729,35,668,2004-12-24,231000000
730,697,606,1987-05-19,1412000000
731,170,680,1980-05-21,758000000
732,469,466,1977-02-11,1650000000
733,170,760,2014-10-11,292000000
734,180,86,2005-04-01,669000000
735,671,917,1997-03-19,192000000
736,160,951,2007-03-24,1427000000
737,100,161,1970-03-26,207000000
738,624,580,1975-02-14,1377000000
739,462,935,1998-07-25,897000000
740,225,611,1976-11-01,477000000
741,620,4,2019-02-28,1510000000
742,503,677,2016-11-28,1079000000
743,182,222,2017-08-08,1576000000
744,448,483,2019-10-03,1745000000
745,389,694,1997-10-07,456000000
746,92,375,1983-02-18,1574000000
747,651,799,2023-02-18,1234000000
748,630,566,2006-04-11,992000000
749,577,830,2001-03-27,1945000000
750,684,826,2019-07-24,1986000000
751,623,173,1979-10-29,1121000000
752,472,898,1983-01-01,566000000
753,250,441,2013-01-09,1614000000
754,146,706,2019-03-08,1673000000
755,580,75,1981-01-09,1419000000
756,318,563,1976-02-23,233000000
757,5,785,1976-07-30,404000000
758,522,574,2005-08-05,670000000
759,319,351,2002-03-10,1408000000
760,413,73,2012-06-11,795000000
761,354,597,1998-01-08,850000000
762,510,225,1998-03-14,869000000
763,199,879,2014-11-09,1779000000
764,159,393,2019-12-19,1371000000
765,417,121,2006-02-17,1921000000
766,380,655,2017-11-17,1897000000
767,571,149,1975-03-27,1051000000
768,539,997,1978-05-11,727000000
769,204,985,1984-08-20,1518000000
770,563,373,2018-03-28,1848000000
771,636,1,2018-04-08,110000000
772,501,557,2011-03-14,1743000000
773,391,227,1977-09-06,1499000000
774,671,385,2009-10-10,1219000000
775,157,168,2008-02-15,1458000000
776,422,284,1985-07-26,564000000
777,413,93,2012-05-28,1242000000
778,536,264,1976-02-27,676000000
779,281,413,1989-11-12,1067000000
780,508,712,2009-01-28,958000000
781,616,68,1975-05-09,241000000
782,538,961,1985-12-15,893000000
783,78,993,2014-03-16,1973000000
784,676,941,2023-02-16,355000000
785,644,772,1993-11-09,599000000
786,269,737,1978-04-03,1038000000
787,681,372,1982-09-22,459000000
788,502,249,1986-01-15,694000000
789,95,601,1978-09-09,1749000000
790,655,968,2001-07-02,638000000
791,379,28,1989-12-22,908000000
792,105,777,1978-02-14,1545000000
793,113,244,2022-11-12,883000000
794,370,212,2009-01-06,262000000
795,465,949,1986-07-30,900000000
796,384,658,1979-07-16,1898000000
797,30,883,1999-01-28,986000000
798,591,765,1977-12-20,952000000
799,288,959,2004-02-15,1546000000
800,169,149,2017-11-04,482000000
801,320,164,1986-06-26,1903000000
802,313,515,1970-07-19,520000000
803,215,762,1989-09-01,386000000
804,180,127,2004-12-02,1769000000
805,304,764,2013-03-26,1709000000
806,386,972,2004-03-15,554000000
807,44,524,1974-07-08,1212000000
808,71,262,2006-09-10,382000000
809,192,136,2017-12-16,947000000
810,245,79,2021-04-20,593000000
811,212,438,1978-06-24,1174000000
812,645,885,1977-11-30,1608000000
813,77,747,1997-07-26,1048000000
814,608,629,2000-07-17,1104000000
815,74,239,1993-07-20,875000000
816,232,134,1972-11-20,389000000
817,219,424,1992-05-03,1564000000
818,288,268,1993-08-21,1345000000
819,465,733,1980-03-08,1893000000
820,693,326,1977-03-04,456000000
821,133,467,1986-11-16,1318000000
822,672,494,2006-07-02,553000000
823,563,633,1974-10-28,1001000000
824,465,813,2008-11-05,123000000
825,16,619,1990-01-03,105000000
826,406,589,1975-11-19,521000000
827,70,447,2006-05-20,444000000
828,317,156,1975-11-13,499000000
829,74,27,2020-06-21,1290000000
830,493,987,1981-09-18,1527000000
831,595,942,1984-04-12,368000000
832,398,843,2001-10-13,1018000000
833,13,779,1988-03-16,1840000000
834,620,411,1970-10-18,166000000
835,172,762,1971-09-14,988000000
836,188,84,1987-08-30,993000000
837,220,819,2001-10-04,1967000000
838,595,985,1975-01-08,1969000000
839,443,447,2016-04-10,432000000
840,131,226,1981-04-06,404000000
841,482,898,1998-03-31,548000000
842,224,237,2018-07-21,1871000000
843,152,754,1978-12-31,632000000
844,621,762,2017-09-17,1351000000
845,186,885,2021-09-22,232000000
846,652,727,1979-03-05,324000000
847,157,346,1978-08-17,793000000
848,274,691,1998-03-27,657000000
849,632,804,2023-01-26,120000000
850,657,610,2009-08-02,804000000
851,179,730,1976-05-27,1580000000
852,198,374,1974-07-08,1842000000
853,700,347,1988-10-07,1501000000
854,269,528,2016-12-26,948000000
855,319,976,1990-07-18,1751000000
856,348,954,2006-08-20,1029000000
857,610,599,2016-03-09,663000000
858,696,236,2016-11-27,735000000
859,40,511,1976-03-02,1397000000
860,252,639,1982-11-16,845000000
861,23,995,1982-08-29,1859000000
862,205,453,1996-08-07,326000000
863,435,761,2020-10-25,1136000000
864,601,312,2016-04-05,235000000
865,129,31,1980-02-29,148000000
866,545,340,1997-02-28,905000000
867,539,944,1979-01-30,1328000000
868,480,7,1986-03-16,1875000000
869,222,803,1975-02-14,872000000
870,656,540,1991-10-17,1721000000
871,407,481,1982-11-24,925000000
872,168,354,1970-03-01,1162000000
873,286,175,2021-08-20,1747000000
874,337,469,1990-10-22,228000000
875,618,131,1999-08-04,595000000
876,95,440,2010-04-22,1174000000
877,435,889,1992-12-15,611000000
878,369,992,1999-06-24,151000000
879,240,527,1977-03-22,974000000
880,102,181,1988-11-19,526000000
881,586,267,1972-12-04,1770000000
882,311,482,2010-09-05,689000000
883,249,585,1989-03-24,689000000
884,12,155,2011-06-23,458000000
885,234,112,1986-03-13,170000000
886,265,457,1994-04-14,152000000
887,188,978,1981-01-10,1348000000
888,669,296,1998-04-07,313000000
889,204,446,1988-12-12,1494000000
890,478,862,2006-08-06,143000000
891,552,765,2018-06-06,929000000
892,502,495,1971-10-01,965000000
893,81,222,1986-01-15,774000000
894,552,413,1976-03-27,329000000
895,63,888,2003-11-14,1515000000
896,673,105,1972-03-15,713000000
897,38,253,2016-10-28,429000000
898,40,800,1997-12-19,1994000000
899,262,248,2013-08-13,1429000000
900,215,567,2012-08-13,1767000000
901,145,998,2008-02-29,1203000000
902,29,621,2002-09-16,700000000
903,336,377,1971-05-12,614000000
904,593,79,2002-12-16,1055000000
905,174,588,2009-08-13,697000000
906,301,382,2002-06-27,153000000
907,493,927,2023-03-13,585000000
908,316,678,1994-05-29,1245000000
909,584,278,2007-12-13,794000000
910,666,216,2000-11-19,1182000000
911,293,49,1978-07-03,1955000000
912,394,671,1981-05-31,1212000000
913,594,813,1989-04-04,1262000000
914,120,430,2005-10-31,1108000000
915,186,972,2005-01-04,430000000
916,120,834,1977-07-30,1477000000
917,399,313,1981-07-17,1710000000
918,258,246,1995-08-23,1424000000
919,329,429,1970-04-08,1391000000
920,679,818,2003-06-13,1991000000
921,247,301,1988-12-17,410000000
922,114,928,1989-06-10,598000000
923,531,778,1987-08-21,1599000000
924,104,265,2021-07-23,943000000
925,539,762,2000-04-04,144000000
926,555,899,1990-07-01,161000000
927,633,736,1980-11-27,123000000
928,139,701,1997-08-24,1554000000
929,368,166,2010-09-17,702000000
930,494,844,2005-05-17,1129000000
931,506,392,1976-12-19,221000000
932,339,910,2015-03-31,513000000
933,639,318,2012-12-03,596000000
934,646,613,1977-07-03,1971000000
935,254,898,1971-10-08,122000000
936,7,516,1997-01-01,1375000000
937,147,787,1991-10-31,446000000
938,38,14,1994-12-13,545000000
939,574,476,2020-09-15,358000000
940,189,938,1992-10-02,1814000000
941,172,29,1972-10-02,530000000
942,194,754,2023-02-26,961000000
943,545,129,1979-09-21,790000000
944,429,510,2006-09-29,911000000
945,129,127,2014-09-02,397000000
946,337,83,2013-08-25,1236000000
947,559,585,1985-08-28,1864000000
948,481,597,1995-03-20,1640000000
949,67,341,1984-04-01,1779000000
950,296,620,1992-07-08,1007000000
951,687,556,1972-10-24,536000000
952,415,161,2014-01-16,326000000
953,440,716,2016-08-17,843000000
954,394,959,1986-12-29,229000000
955,375,857,1986-03-07,1658000000
956,152,686,1972-01-28,908000000
957,530,35,1994-10-02,1418000000
958,619,374,1999-05-29,459000000
959,471,677,1984-08-19,345000000
960,494,154,2016-03-15,1393000000
961,62,866,2002-12-10,296000000
962,180,599,1983-04-19,1878000000
963,343,779,1989-03-16,1903000000
964,18,429,1982-11-02,1927000000
965,457,68,1985-04-01,462000000
966,153,872,1988-10-29,1411000000
967,490,232,1989-12-06,319000000
968,443,114,2022-02-21,1033000000
969,560,102,2019-08-03,233000000
970,478,298,1983-09-02,164000000
971,161,234,2019-09-22,419000000
972,581,592,1985-04-16,324000000
973,167,614,1980-01-17,240000000
974,322,406,1982-07-31,1257000000
975,373,794,1985-07-12,1401000000
976,106,323,1977-11-04,742000000
977,419,963,2002-02-05,1962000000
978,3,611,1990-08-29,1386000000
979,508,900,2018-10-31,1252000000
980,572,309,2016-02-25,507000000
981,138,256,1970-11-26,450000000
982,654,97,2011-11-09,643000000
983,97,134,1972-10-27,555000000
984,189,293,1970-02-14,1363000000
985,448,922,1979-04-09,1264000000
986,150,478,1979-07-06,1568000000
987,516,521,1989-12-06,1907000000
988,271,420,1986-11-07,1121000000
989,301,241,1971-08-14,1843000000
990,286,934,1979-10-31,1215000000
991,278,131,2018-08-12,1572000000
992,689,33,1989-04-10,341000000
993,86,646,2021-06-23,1200000000
994,328,534,2015-03-10,526000000
995,312,356,1996-03-31,675000000
996,223,867,2017-03-10,1952000000
997,279,814,1986-06-07,1319000000
998,238,96,2016-04-21,969000000
999,681,190,1997-09-21,1624000000
1000,628,572,1984-11-15,833000000
1001,131,580,2006-05-11,1296000000
1002,384,65,2018-04-25,1029000000
1003,219,757,1998-09-07,1984000000
1004,339,391,1983-03-10,1501000000
1005,568,700,2007-12-11,424000000
1006,171,353,2023-01-24,576000000
1007,267,10,2022-07-11,237000000
1008,146,594,1992-05-01,286000000
1009,403,959,2019-04-27,1378000000
1010,174,874,1980-06-24,1100000000
1011,564,636,2007-01-19,1906000000
1012,438,419,1997-02-05,661000000
1013,429,942,2016-05-16,1146000000
1014,60,635,2006-06-10,120000000
1015,397,653,1994-04-24,1372000000
1016,144,539,1990-06-05,1591000000
1017,78,943,1986-04-12,1182000000
1018,683,943,1981-05-14,1177000000
1019,559,835,2009-04-15,1129000000
1020,395,154,1971-08-16,350000000
1021,379,826,2004-01-09,181000000
1022,107,185,1974-02-10,543000000
1023,131,32,1991-06-10,844000000
1024,72,369,1970-12-29,680000000
1025,108,167,2015-07-06,1009000000
1026,5,334,2008-09-20,818000000
1027,673,180,1996-07-13,1537000000
1028,25,536,2019-04-16,1132000000
1029,428,279,1990-10-02,351000000
1030,26,601,1993-06-25,424000000
1031,536,637,1970-10-10,1514000000
1032,82,434,2014-10-23,178000000
1033,524,882,1996-03-30,404000000
1034,403,462,2007-11-05,707000000
1035,296,214,1978-11-14,455000000
1036,655,181,2021-07-03,668000000
1037,168,408,2019-06-26,1423000000
1038,151,112,2020-10-11,1314000000
1039,1,52,1999-04-13,640000000
1040,637,507,2005-11-07,449000000
1041,661,599,1986-03-17,1575000000
1042,607,7,1976-07-07,1415000000
1043,309,55,1996-07-11,183000000
1044,116,887,1992-09-14,418000000
1045,228,987,2019-04-13,1593000000
1046,65,316,2005-07-01,1597000000
1047,584,508,1978-03-24,493000000
1048,620,260,1987-04-19,1717000000
1049,632,250,2008-12-06,358000000
1050,428,499,1997-07-22,1861000000
1051,190,997,1996-03-14,1465000000
1052,146,451,1980-05-02,146000000
1053,307,294,2006-10-26,1510000000
1054,347,687,2019-05-22,1063000000
1055,565,220,2008-05-14,1107000000
1056,133,701,2023-02-26,525000000
1057,127,86,2002-09-20,411000000
1058,157,207,2015-08-02,1842000000
1059,645,713,1998-01-03,298000000
1060,418,655,1992-02-12,1112000000
1061,668,1,1995-02-04,1647000000
1062,41,40,1995-03-02,878000000
1063,83,869,1970-02-28,1935000000
1064,406,951,2011-06-18,1894000000
1065,290,990,1996-03-17,1768000000
1066,338,437,2003-06-15,1675000000
1067,89,495,2006-06-30,1032000000
1068,465,227,2007-01-16,645000000
1069,628,131,1976-10-31,191000000
1070,238,363,1993-02-13,1390000000
1071,108,477,1986-08-11,1510000000
1072,442,13,1989-01-11,397000000
1073,190,185,1980-06-30,955000000
1074,347,822,1982-01-19,157000000
1075,189,462,1980-01-26,1575000000
1076,644,794,2001-10-13,660000000
1077,333,991,1992-12-05,1960000000
1078,142,971,2018-07-02,1452000000
1079,628,100,2008-01-19,107000000
1080,511,207,2002-02-10,1807000000
1081,72,395,1974-03-28,900000000
1082,426,487,1971-07-20,371000000
1083,181,574,1986-04-29,750000000
1084,594,314,2003-06-14,635000000
1085,14,802,1975-03-09,738000000
1086,250,55,1971-02-20,1365000000
1087,355,685,1987-03-28,551000000
1088,491,904,1980-06-14,937000000
1089,266,141,1991-05-08,504000000
1090,264,129,2015-10-02,665000000
1091,199,216,1985-10-30,1547000000
1092,168,536,1984-01-31,575000000
1093,541,406,2001-07-07,1707000000
1094,152,465,2018-03-06,1358000000
1095,505,744,2021-01-17,122000000
1096,326,538,1996-05-16,347000000
1097,502,278,1976-01-09,309000000
1098,51,202,1982-11-29,347000000
1099,359,54,1998-11-03,266000000
1100,594,347,2019-10-18,1019000000
1101,276,301,1976-11-28,560000000
1102,359,249,1979-07-31,769000000
1103,175,973,2012-05-26,1294000000
1104,655,115,1973-01-23,1324000000
1105,520,881,2021-04-22,1352000000
1106,23,423,1993-03-09,467000000
1107,109,401,1979-02-14,392000000
1108,686,726,2008-08-29,304000000
1109,246,689,2009-08-25,336000000
1110,465,166,2006-12-28,829000000
1111,48,198,2019-08-18,1863000000
1112,381,960,1995-10-18,1960000000
1113,282,670,1974-01-17,1543000000
1114,81,82,1993-04-13,330000000
1115,502,30,2018-01-13,1389000000
1116,288,915,2005-09-16,1064000000
1117,345,59,1973-01-25,732000000
1118,380,325,1989-01-07,1285000000
1119,285,966,2007-06-01,1901000000
1120,591,305,2011-03-23,1512000000
1121,40,735,2001-07-05,159000000
1122,39,112,2007-06-12,1226000000
1123,409,913,2003-07-30,1181000000
1124,674,202,1983-09-02,1888000000
1125,464,6,1999-12-14,1015000000
1126,313,518,2006-07-07,1677000000
1127,423,548,1992-07-25,477000000
1128,76,36,2017-06-07,313000000
1129,367,931,1998-02-05,749000000
1130,571,369,1998-05-08,661000000
1131,666,282,2005-06-23,754000000
1132,682,654,2015-02-17,1198000000
1133,387,474,2018-05-16,1903000000
1134,326,179,1972-04-02,1007000000
1135,408,156,1974-09-10,1012000000
1136,644,834,1999-11-28,1836000000
1137,454,523,1974-04-11,774000000
1138,45,470,1977-10-12,699000000
1139,75,252,1981-02-23,391000000
1140,227,486,1987-06-29,791000000
1141,33,368,1982-04-09,517000000
1142,107,94,1993-12-19,248000000
1143,623,924,1979-09-13,1347000000
1144,287,728,2001-01-21,482000000
1145,39,94,1975-06-11,1007000000
1146,459,793,1978-05-14,1166000000
1147,257,660,2010-10-31,557000000
1148,485,85,2007-07-02,207000000
1149,375,184,2011-02-16,1476000000
1150,350,642,2001-04-16,253000000
1151,623,581,2004-10-27,970000000
1152,605,41,2000-07-25,1597000000
1153,354,765,1995-07-08,178000000
1154,7,698,1999-02-17,232000000
1155,44,332,1985-03-23,291000000
1156,413,93,1970-07-31,1501000000
1157,198,106,2015-08-20,1094000000
1158,38,262,1975-03-25,261000000
1159,642,789,2017-02-19,875000000
1160,525,986,1991-02-12,1886000000
1161,46,799,1985-09-05,1588000000
1162,644,765,1989-11-27,545000000
1163,222,233,1989-11-13,1726000000
1164,341,86,1984-07-18,1136000000
1165,261,901,2015-07-23,910000000
1166,52,20,1994-04-27,1794000000
1167,659,690,1974-08-30,184000000
1168,593,607,1976-04-26,587000000
1169,332,598,1981-10-27,414000000
1170,475,767,1976-12-26,114000000
1171,375,282,2002-02-12,1288000000
1172,479,379,2012-10-26,111000000
1173,121,898,1990-03-29,1812000000
1174,481,282,1976-04-21,354000000
1175,480,857,2015-02-20,1269000000
1176,688,921,1998-05-07,925000000
1177,440,413,2004-04-13,1046000000
1178,424,353,1974-01-13,1002000000
1179,25,881,1986-12-03,1715000000
1180,453,222,1979-03-25,581000000
1181,413,920,1997-01-02,993000000
1182,92,927,2011-01-30,1342000000
1183,263,544,1973-03-24,712000000
1184,76,683,1976-12-13,1030000000
1185,691,38,1998-07-21,1718000000
1186,52,634,2022-09-26,1628000000
1187,297,84,1989-02-07,1291000000
1188,148,258,1997-02-23,1505000000
1189,190,769,2007-06-14,283000000
1190,244,286,2003-06-17,453000000
1191,250,687,1995-08-06,750000000
1192,445,223,1994-08-05,245000000
1193,40,916,1978-09-25,1436000000
1194,471,686,2018-03-10,803000000
1195,177,140,2005-10-09,684000000
1196,459,82,1982-12-28,1786000000
1197,531,323,1995-06-01,1870000000
1198,326,202,1973-08-08,335000000
1199,354,686,2018-01-15,422000000
1200,322,991,1984-09-18,954000000
1201,215,306,2014-07-17,1943000000
1202,348,944,2007-09-05,1699000000
1203,340,102,2004-05-10,1834000000
1204,364,882,2009-12-18,711000000
1205,145,669,2022-04-04,953000000
1206,644,703,1979-05-25,1808000000
1207,13,987,1993-04-24,1837000000
1208,272,603,1975-05-29,1779000000
1209,204,744,2021-04-01,930000000
1210,40,218,1987-12-09,1345000000
1211,255,2,2006-11-17,1954000000
1212,38,919,1994-09-22,355000000
1213,214,251,2010-11-18,466000000
1214,266,98,1981-05-18,319000000
1215,32,388,1977-10-29,246000000
1216,12,620,1973-11-15,1996000000
1217,447,585,1986-06-15,1458000000
1218,341,992,1980-02-11,769000000
1219,385,260,1992-09-20,296000000
1220,412,594,2009-08-05,1770000000
1221,278,337,1997-03-27,266000000
1222,225,87,2005-06-29,650000000
1223,53,5,2014-01-19,1856000000
1224,65,590,1970-07-08,1887000000
1225,525,439,1981-05-25,444000000
1226,148,124,1975-10-26,251000000
1227,405,95,1995-10-13,1282000000
1228,493,730,2020-08-27,782000000
1229,160,392,2006-07-02,1954000000
1230,578,786,2005-09-18,629000000
1231,158,925,1973-12-16,848000000
1232,454,934,1999-11-20,1825000000
1233,298,325,1981-01-17,1131000000
1234,62,107,2016-04-29,1806000000
1235,141,650,1983-10-29,1962000000
1236,424,981,2014-12-21,854000000
1237,140,251,2021-01-08,1481000000
1238,154,995,2012-04-09,1491000000
1239,101,515,1994-09-21,451000000
1240,456,674,2005-09-25,424000000
1241,192,69,2010-04-27,1347000000
1242,505,863,2022-04-03,862000000
1243,316,41,1991-05-10,1493000000
1244,269,491,1995-03-26,358000000
1245,329,533,2009-08-10,887000000
1246,459,697,2001-03-26,1846000000
1247,171,397,2022-07-18,559000000
1248,635,21,1992-03-07,1229000000
1249,546,459,1984-01-26,571000000
1250,568,468,2020-01-04,1258000000
1251,145,485,1986-08-04,1533000000
1252,200,162,2022-12-11,936000000
1253,41,127,1982-10-22,400000000
1254,161,132,2000-07-04,1701000000
1255,159,398,1985-07-13,473000000
1256,379,169,1977-09-25,1735000000
1257,367,583,1997-03-29,618000000
1258,122,311,2006-06-15,1633000000
1259,670,734,2004-04-01,1905000000
1260,381,440,1986-09-08,667000000
1261,588,298,2000-09-27,134000000
1262,250,489,1989-07-29,117000000
1263,205,806,2007-10-20,1446000000
1264,421,680,2014-12-06,1289000000
1265,650,317,1996-03-11,1809000000
1266,240,109,1991-06-02,1968000000
1267,389,555,1996-02-16,1173000000
1268,611,702,1977-09-13,1517000000
1269,131,292,2020-11-24,1237000000
1270,369,363,2013-12-28,758000000
1271,454,736,2020-02-13,975000000
1272,140,681,2010-06-22,1458000000
1273,484,861,2013-08-16,1296000000
1274,635,993,2004-12-27,254000000
1275,566,417,1991-04-12,1281000000
1276,449,22,2021-11-26,163000000
1277,393,35,2009-09-13,691000000
1278,449,241,1973-01-10,852000000
1279,16,430,2010-03-26,1885000000
1280,409,734,2000-07-21,486000000
1281,657,506,2007-07-17,1828000000
1282,599,221,1985-10-28,348000000
1283,668,740,1988-06-10,355000000
1284,581,555,1980-02-04,280000000
1285,637,691,1985-08-13,658000000
1286,89,259,2000-08-17,330000000
1287,665,35,2017-02-19,590000000
1288,353,623,1974-06-07,1618000000
1289,430,8,1980-01-26,1375000000
1290,423,182,2014-12-03,468000000
1291,91,946,1979-02-11,1138000000
1292,107,738,2005-08-03,1104000000
1293,667,713,2013-07-14,987000000
1294,282,894,2011-11-03,1638000000
1295,41,362,1971-08-26,1541000000
1296,678,440,1994-10-13,128000000
1297,521,534,1999-09-26,1255000000
1298,286,620,1997-08-11,909000000
1299,667,638,2023-04-09,1105000000
1300,369,58,2003-01-21,734000000
1301,86,641,2011-06-01,577000000
1302,252,296,2015-06-29,335000000
1303,176,347,1974-11-02,734000000
1304,688,102,1988-12-09,1069000000
1305,329,344,2009-05-11,146000000
1306,139,809,2003-04-25,1421000000
1307,239,523,1974-07-11,1831000000
1308,59,318,2004-03-31,672000000
1309,60,872,2022-01-28,1177000000
1310,233,53,1980-10-19,1252000000
1311,570,956,2004-07-20,1302000000
1312,588,169,1984-06-25,865000000
1313,333,458,1973-05-22,1026000000
1314,458,436,1995-07-05,1588000000
1315,412,907,1974-11-21,488000000
1316,485,70,2014-06-10,716000000
1317,347,861,1976-08-20,207000000
1318,656,450,2020-12-08,1492000000
1319,262,506,1987-03-23,302000000
1320,43,670,2009-04-21,1729000000
1321,261,683,1985-05-23,1693000000
1322,358,171,1979-02-12,1515000000
1323,53,938,1993-07-29,1431000000
1324,294,135,2001-01-08,660000000
1325,151,31,2009-01-08,1147000000
1326,194,656,1991-12-27,1353000000
1327,466,363,2004-08-28,1405000000
1328,264,16,2022-12-26,1893000000
1329,62,886,2011-04-28,282000000
1330,145,187,2004-10-21,1267000000
1331,601,157,1970-06-03,211000000
1332,34,432,1976-10-31,142000000
1333,498,558,1971-12-18,1500000000
1334,93,51,1973-10-19,134000000
1335,2,673,1988-12-01,890000000
1336,662,587,1999-06-21,1326000000
1337,306,201,2007-02-26,631000000
1338,252,621,2013-03-15,1534000000
1339,677,940,1998-11-17,1953000000
1340,366,99,1982-11-30,1412000000
1341,508,585,2012-10-08,246000000
1342,524,833,1972-07-21,945000000
1343,695,601,2011-12-23,1544000000
1344,595,221,1971-11-30,1937000000
1345,338,233,2018-01-19,1954000000
1346,288,265,2002-05-06,238000000
1347,171,467,2005-04-15,766000000
1348,322,262,2020-06-18,1600000000
1349,184,294,1998-08-24,265000000
1350,117,798,1975-10-10,1578000000
1351,178,513,1983-08-16,1019000000
1352,690,564,2008-02-07,1172000000
1353,26,418,1990-05-21,1720000000
1354,106,287,2007-08-01,1882000000
1355,59,526,1971-07-21,765000000
1356,640,527,2004-10-02,1137000000
1357,126,283,1971-08-14,408000000
1358,637,449,2022-01-16,836000000
1359,123,102,1987-03-22,151000000
1360,117,629,2018-12-30,943000000
1361,531,960,1994-04-29,1378000000
1362,462,412,1981-05-10,1806000000
1363,268,268,2004-05-21,509000000
1364,493,211,2008-02-13,219000000
1365,192,625,1983-12-01,1542000000
1366,193,722,1979-11-28,998000000
1367,74,546,1993-02-03,1763000000
1368,304,210,1998-11-26,716000000
1369,600,347,2007-08-06,1393000000
1370,416,274,1979-01-29,873000000
1371,320,854,2023-02-22,1151000000
1372,278,180,1979-06-23,1246000000
1373,31,708,1995-06-10,669000000
1374,146,966,1982-10-24,1801000000
1375,628,378,2015-02-18,1593000000
1376,582,685,1989-08-07,798000000
1377,475,340,2020-11-04,160000000
1378,447,498,1986-02-22,1460000000
1379,530,605,1975-05-03,1152000000
1380,402,12,2006-11-04,1921000000
1381,585,352,2012-11-04,1079000000
1382,406,242,2001-10-27,865000000
1383,121,797,1990-09-22,625000000
1384,10,921,2005-10-28,176000000
1385,576,861,2012-03-16,1500000000
1386,310,292,1979-08-12,1884000000
1387,405,238,2002-07-12,649000000
1388,354,516,2014-11-26,1985000000
1389,128,575,1977-12-15,129000000
1390,298,429,2018-05-23,1887000000
1391,664,817,2009-05-10,775000000
1392,331,487,2023-06-11,1923000000
1393,365,902,1998-08-05,1627000000
1394,94,819,2010-02-03,845000000
1395,118,407,2016-03-20,1742000000
1396,226,805,1982-05-24,722000000
1397,160,99,1991-03-06,638000000
1398,666,515,2016-10-05,1800000000
1399,479,167,2005-02-27,1238000000
1400,551,610,2022-01-12,1661000000
1401,378,856,1983-03-03,1988000000
1402,60,341,1976-06-05,1505000000
1403,291,174,1982-03-03,1167000000
1404,522,910,2013-02-03,1359000000
1405,440,841,1973-04-29,779000000
1406,660,393,2005-12-19,136000000
1407,206,358,1992-02-19,645000000
1408,244,999,1995-03-12,1471000000
1409,681,349,2002-03-02,1796000000
1410,441,372,1983-11-08,824000000
1411,47,473,2014-05-31,577000000
1412,204,635,1987-03-16,558000000
1413,526,944,1984-12-25,1389000000
1414,609,349,1972-02-20,1808000000
1415,698,722,2014-12-14,802000000
1416,7,691,1989-10-09,1995000000
1417,125,491,2021-10-08,1463000000
1418,385,854,1981-09-02,1905000000
1419,542,650,2017-12-13,1956000000
1420,224,624,2020-02-14,376000000
1421,190,374,1994-08-27,707000000
1422,621,514,1975-08-23,166000000
1423,478,487,2018-02-09,1915000000
1424,418,574,1983-11-15,286000000
1425,680,647,2008-01-21,429000000
1426,402,999,2018-10-06,1269000000
1427,547,588,1994-10-26,871000000
1428,587,263,1981-11-16,989000000
1429,652,165,2000-03-27,1578000000
1430,243,949,2012-01-20,678000000
1431,177,896,2020-06-09,1838000000
1432,423,302,1975-04-19,751000000
1433,331,74,2008-07-15,783000000
1434,641,857,1988-04-06,1003000000
1435,600,169,2005-07-22,826000000
1436,10,819,2009-08-27,1738000000
1437,572,924,2020-05-14,830000000
1438,569,673,1994-11-01,1822000000
1439,337,400,2002-03-25,1883000000
1440,647,668,1987-02-06,1421000000
1441,562,631,1975-07-13,1889000000
1442,103,176,2014-09-16,1222000000
1443,10,582,2020-08-31,1354000000
1444,512,191,1979-11-09,1931000000
1445,101,566,2019-05-18,1691000000
1446,640,775,1988-09-10,1136000000
1447,653,585,1996-03-30,1381000000
1448,237,594,2022-07-25,532000000
1449,333,305,1996-07-07,979000000
1450,116,812,1979-12-28,989000000
1451,46,343,1986-09-19,897000000
1452,255,820,2005-09-24,979000000
1453,35,399,2021-07-25,511000000
1454,635,145,2009-11-13,1899000000
1455,598,713,1999-06-25,1181000000
1456,267,998,1977-06-10,969000000
1457,434,922,1975-05-20,654000000
1458,189,909,1984-02-11,762000000
1459,593,68,2004-01-13,1620000000
1460,310,606,1986-09-18,1855000000
1461,369,427,1983-05-08,1273000000
1462,171,693,2017-11-20,1826000000
1463,262,489,1980-12-09,1838000000
1464,347,309,2023-04-08,1166000000
1465,529,165,2022-09-21,1218000000
1466,321,586,2009-12-09,514000000
1467,431,885,2000-09-28,1201000000
1468,322,685,2021-10-03,1433000000
1469,627,686,1991-10-05,122000000
1470,231,367,2002-07-16,1061000000
1471,589,258,2022-01-23,1166000000
1472,676,751,1971-03-10,1126000000
1473,97,400,1995-06-14,1722000000
1474,104,215,2015-06-06,1568000000
1475,673,584,2015-02-23,535000000
1476,639,596,1981-02-16,1484000000
1477,315,861,1996-08-02,1963000000
1478,676,229,1997-11-08,1035000000
1479,592,300,2004-02-03,1919000000
1480,159,287,1975-05-08,1931000000
1481,482,432,1997-08-07,245000000
1482,343,2,1994-07-03,965000000
1483,526,429,1995-01-20,1051000000
1484,620,426,2015-02-21,1865000000
1485,560,750,1976-06-30,1413000000
1486,501,214,2006-01-07,1367000000
1487,189,395,1985-07-23,507000000
1488,143,834,1971-11-18,240000000
1489,171,853,1977-07-12,966000000
1490,131,966,1973-04-01,1960000000
1491,258,485,2023-03-22,1868000000
1492,488,755,2012-07-25,1649000000
1493,173,419,2015-05-12,1506000000
1494,623,148,2020-10-06,1777000000
1495,20,352,1981-02-01,1606000000
1496,124,628,1993-11-14,1873000000
1497,463,572,2000-04-03,308000000
1498,287,878,1991-04-22,811000000
1499,640,691,1991-01-28,562000000
1500,632,95,2012-03-29,353000000
1501,619,836,2021-01-15,110000000
1502,553,289,2015-01-19,919000000
1503,20,533,1991-10-02,611000000
1504,330,367,2004-10-11,1592000000
1505,111,725,2002-02-23,596000000
1506,328,206,2012-03-22,1147000000
1507,241,794,2022-01-07,1621000000
1508,5,606,2016-02-11,167000000
1509,22,10,1988-03-16,1356000000
1510,212,487,1994-09-23,974000000
1511,184,274,2017-05-15,1975000000
1512,578,120,1985-04-13,1992000000
1513,133,83,2007-04-21,816000000
1514,670,990,1970-11-18,1992000000
1515,459,730,1973-06-07,1686000000
1516,551,785,1994-12-21,1450000000
1517,393,827,1998-08-25,1255000000
1518,182,261,1991-02-20,170000000
1519,318,654,1983-08-02,442000000
1520,477,86,1999-11-03,1367000000
1521,4,88,1994-02-25,1703000000
1522,516,688,2014-02-16,339000000
1523,450,868,1997-01-18,1976000000
1524,560,661,1981-02-28,1733000000
1525,665,68,2008-01-13,1618000000
1526,678,841,1982-10-17,748000000
1527,201,830,1994-11-16,1197000000
1528,601,78,2010-10-27,1585000000
1529,74,447,1984-11-28,343000000
1530,367,953,2014-07-14,1697000000
1531,263,47,2017-07-24,834000000
1532,241,558,2009-04-20,273000000
1533,645,622,1999-03-01,1029000000
1534,514,471,2016-08-18,1965000000
1535,295,966,2004-11-13,1808000000
1536,42,817,2015-05-02,1180000000
1537,655,172,1993-07-28,1416000000
1538,682,345,2021-04-23,1023000000
1539,301,602,1986-07-16,207000000
1540,138,842,1979-03-14,1201000000
1541,263,610,2010-04-19,145000000
1542,673,930,2023-07-03,392000000
1543,307,643,1984-11-06,1278000000
1544,253,394,1990-11-20,381000000
1545,538,145,1972-03-25,526000000
1546,144,599,2020-10-02,224000000
1547,463,372,1997-08-31,1503000000
1548,214,103,1976-08-13,1182000000
1549,636,809,2001-10-09,813000000
1550,345,766,1981-06-17,226000000
1551,186,476,1980-07-09,1171000000
1552,316,605,2012-10-16,1541000000
1553,614,753,2016-06-29,1230000000
1554,472,34,1997-11-10,474000000
1555,340,963,2008-02-28,562000000
1556,226,583,2007-10-08,1807000000
1557,626,48,1984-04-10,1811000000
1558,6,726,1985-12-09,1053000000
1559,184,569,1971-10-13,1398000000
1560,578,162,1997-02-08,1043000000
1561,389,274,1994-03-23,934000000
1562,274,478,1978-09-06,1979000000
1563,473,162,2006-10-23,1233000000
1564,665,929,2010-02-09,194000000
1565,358,426,2007-07-13,306000000
1566,654,761,2011-12-14,1153000000
1567,62,361,1995-02-12,756000000
1568,300,488,2018-12-02,1207000000
1569,617,29,1974-11-14,997000000
1570,257,663,2002-04-27,488000000
1571,231,315,1991-06-01,686000000
1572,646,249,2005-05-15,360000000
1573,8,933,2002-07-07,1609000000
1574,164,363,2008-04-18,1279000000
1575,646,98,2003-04-06,399000000
1576,415,697,1972-12-01,716000000
1577,635,52,1990-02-20,414000000
1578,541,126,1970-02-15,1102000000
1579,34,431,2000-07-31,815000000
1580,496,824,1987-03-12,755000000
1581,619,315,1976-04-30,1517000000
1582,535,604,1976-04-12,862000000
1583,646,315,2001-06-12,181000000
1584,455,931,2001-09-28,474000000
1585,615,440,2006-04-18,1421000000
1586,656,128,2018-02-24,1629000000
1587,400,329,1989-11-29,772000000
1588,199,722,1996-10-17,648000000
1589,88,232,2022-07-07,1008000000
1590,113,945,1996-12-08,1824000000
1591,567,747,2013-11-11,197000000
1592,585,835,2001-12-01,1063000000
1593,632,276,2020-08-24,1565000000
1594,520,277,1988-08-26,1203000000
1595,515,677,1990-01-28,1558000000
1596,671,829,1996-07-14,1426000000
1597,189,954,2021-08-22,1089000000
1598,93,58,1983-06-29,1605000000
1599,696,736,1979-08-03,431000000
1600,686,996,2010-12-23,233000000
1601,92,47,2016-10-28,1374000000
1602,559,154,1993-06-22,620000000
1603,56,692,2013-04-24,827000000
1604,34,201,2008-04-18,1527000000
1605,147,393,1992-01-13,223000000
1606,532,153,2012-12-03,1075000000
1607,523,221,2021-01-14,1997000000
1608,173,344,2004-02-27,700000000
1609,664,342,2023-06-02,375000000
1610,40,268,1975-10-29,1448000000
1611,149,949,2013-01-08,236000000
1612,316,106,2021-01-11,365000000
1613,203,799,2020-08-23,1758000000
1614,579,463,2023-01-29,1069000000
1615,219,542,2014-05-07,181000000
1616,403,384,1973-02-11,496000000
1617,578,531,1971-11-30,1369000000
1618,654,775,1986-07-11,1289000000
1619,413,220,2006-07-09,545000000
1620,336,453,1986-09-23,560000000
1621,229,294,2010-03-07,1076000000
1622,227,131,2006-07-05,208000000
1623,142,673,1970-07-02,1650000000
1624,453,182,2013-11-17,1133000000
1625,253,572,2021-10-26,1403000000
1626,124,588,2022-04-19,1910000000
1627,378,70,2021-09-04,1914000000
1628,691,457,1983-08-08,343000000
1629,472,920,2009-08-28,281000000
1630,303,705,2017-12-08,1478000000
1631,210,571,2010-09-29,460000000
1632,305,386,1979-05-07,1510000000
1633,132,240,2016-01-20,1013000000
1634,97,108,2002-08-11,111000000
1635,474,677,2001-07-04,308000000
1636,620,508,1996-05-22,1398000000
1637,23,813,2008-08-23,1772000000
1638,436,27,2009-03-15,1078000000
1639,497,290,1988-11-09,319000000
1640,357,221,1984-04-05,1034000000
1641,678,940,1986-03-22,1103000000
1642,680,299,1989-09-15,1170000000
1643,124,987,2019-09-20,1841000000
1644,369,302,1992-03-04,250000000
1645,250,129,1975-07-23,1590000000
1646,619,300,2015-03-07,1694000000
1647,283,258,2009-06-06,1200000000
1648,180,485,2011-05-11,1769000000
1649,383,462,1979-05-09,1173000000
1650,618,917,1986-12-11,1644000000
1651,5,34,2019-06-18,924000000
1652,440,864,2012-08-28,1679000000
1653,459,852,1982-02-28,530000000
1654,167,192,1971-04-07,607000000
1655,541,784,1986-07-22,1916000000
1656,670,359,2021-07-30,1208000000
1657,569,899,1984-12-06,676000000
1658,433,903,1997-07-15,1311000000
1659,38,252,1980-05-30,1408000000
1660,666,712,1971-11-21,515000000
1661,398,165,1995-02-20,770000000
1662,274,629,2006-10-29,219000000
1663,345,377,1985-06-08,648000000
1664,521,960,1972-04-23,1098000000
1665,413,835,1997-08-12,1578000000
1666,626,324,2012-12-22,1922000000
1667,573,764,1993-09-21,1707000000
1668,473,629,2007-09-21,377000000
1669,49,128,2007-10-03,1962000000
1670,372,254,1971-09-02,1126000000
1671,278,270,2010-02-01,324000000
1672,130,500,2019-12-14,509000000
1673,155,502,2008-05-22,1668000000
1674,59,4,2016-04-08,1679000000
1675,511,96,2015-08-09,552000000
1676,11,411,2017-09-01,1308000000
1677,103,891,1986-12-24,722000000
1678,247,943,1989-08-10,1449000000
1679,158,664,1993-02-01,462000000
1680,635,110,1998-03-01,101000000
1681,333,346,1976-04-22,269000000
1682,657,591,2004-04-04,767000000
1683,676,478,2005-06-12,1960000000
1684,115,116,2014-03-07,1537000000
1685,354,931,2018-12-03,745000000
1686,556,37,1974-01-27,1995000000
1687,248,659,2019-10-22,981000000
1688,698,64,1976-11-07,1508000000
1689,234,336,1976-01-01,832000000
1690,228,186,2003-11-26,1164000000
1691,22,813,2016-12-17,1706000000
1692,119,695,2003-04-04,894000000
1693,494,592,2020-06-01,516000000
1694,49,976,2022-01-26,1633000000
1695,322,564,1973-12-02,1941000000
1696,588,249,1983-06-26,1139000000
1697,519,739,1993-01-02,753000000
1698,579,959,2000-06-12,1194000000
1699,639,478,2004-06-07,1548000000
1700,333,307,1973-05-04,1230000000
1701,32,669,2022-06-03,1154000000
1702,135,559,1995-07-08,1904000000
1703,188,158,2008-02-18,1866000000
1704,111,947,1997-02-28,1749000000
1705,335,282,1971-05-05,1767000000
1706,578,28,1983-08-07,1835000000
1707,295,361,2022-06-24,1353000000
1708,266,599,1991-09-14,708000000
1709,203,183,2019-12-04,466000000
1710,289,821,1971-12-23,604000000
1711,557,33,2007-01-16,1347000000
1712,529,774,2001-06-03,1024000000
1713,84,454,2000-10-01,877000000
1714,694,452,1981-04-17,1262000000
1715,554,768,1983-08-01,1468000000
1716,8,195,1996-03-17,942000000
1717,185,666,2003-06-09,383000000
1718,588,90,2012-08-21,1763000000
1719,91,456,2012-11-02,652000000
1720,384,139,1973-12-10,1570000000
1721,303,727,1981-01-25,872000000
1722,435,745,1977-09-15,1206000000
1723,168,302,2004-07-08,1710000000
1724,216,970,1985-09-14,249000000
1725,427,924,2004-06-02,197000000
1726,564,116,2014-06-26,1249000000
1727,495,115,2019-04-15,1656000000
1728,232,401,1984-11-22,131000000
1729,227,292,2006-05-26,1600000000
1730,595,208,1983-04-22,525000000
1731,564,944,1985-01-07,1416000000
1732,258,452,2022-08-23,1999000000
1733,639,603,1978-07-28,1812000000
1734,454,521,1992-09-26,1258000000
1735,263,725,2001-10-24,1461000000
1736,622,443,1981-06-04,505000000
1737,417,376,2005-01-31,463000000
1738,493,701,2021-02-27,848000000
1739,213,548,1993-10-04,754000000
1740,308,726,2018-10-17,1428000000
1741,91,64,1971-04-08,612000000
1742,461,62,1991-10-01,586000000
1743,569,584,1998-03-29,1586000000
1744,257,21,1987-05-18,1013000000
1745,480,671,2018-10-02,623000000
1746,155,367,1999-05-30,327000000
1747,272,848,2019-01-12,577000000
1748,646,613,1983-05-14,429000000
1749,77,257,1972-08-10,1789000000
1750,282,204,1992-12-12,1788000000
1751,506,432,1994-07-29,280000000
1752,593,580,2004-08-16,1093000000
1753,486,595,1974-01-14,174000000
1754,24,812,1981-07-22,1878000000
1755,97,334,2009-07-19,1926000000
1756,384,152,2003-10-02,442000000
1757,112,375,2015-10-23,1017000000
1758,247,17,1972-11-24,545000000
1759,370,622,1977-09-20,1002000000
1760,533,654,1981-01-17,907000000
1761,209,198,1977-02-21,1140000000
1762,69,649,1972-07-03,1564000000
1763,358,67,2021-08-28,1652000000
1764,118,277,2007-09-06,944000000
1765,221,716,1985-06-05,700000000
1766,518,874,2013-11-11,712000000
1767,183,105,1987-04-18,1114000000
1768,488,679,2023-01-13,1407000000
1769,344,59,2021-09-19,1434000000
1770,242,6,2018-07-27,1319000000
1771,655,829,2000-08-09,1683000000
1772,145,143,1985-08-28,1922000000
1773,366,353,2012-08-31,1422000000
1774,118,944,2001-11-20,1795000000
1775,152,376,2012-11-18,1064000000
1776,230,122,1972-04-14,1880000000
1777,151,871,1985-03-30,1901000000
1778,334,310,1996-02-21,1537000000
1779,336,333,1977-06-11,1350000000
1780,510,286,2004-08-14,893000000
1781,188,726,1991-05-21,1659000000
1782,157,397,1993-04-16,1628000000
1783,597,586,2014-07-28,1944000000
1784,363,514,2013-05-25,1553000000
1785,176,356,2019-08-20,1764000000
1786,677,970,2006-08-30,923000000
1787,255,205,1998-08-07,1467000000
1788,594,297,1984-02-08,629000000
1789,438,302,2012-01-23,896000000
1790,287,839,1994-09-17,1750000000
1791,522,772,1982-07-21,465000000
1792,176,932,2013-08-26,128000000
1793,229,41,2023-02-14,993000000
1794,555,411,1981-07-02,1678000000
1795,270,983,1996-07-19,1196000000
1796,533,853,1985-01-29,259000000
1797,521,929,2007-11-22,1994000000
1798,321,957,1998-09-07,630000000
1799,99,445,2020-04-24,1899000000
1800,655,505,2014-02-10,603000000
1801,273,405,2008-05-10,1257000000
1802,380,8,2011-09-24,1866000000
1803,678,860,1978-10-01,1850000000
1804,345,496,1996-07-16,1608000000
1805,93,363,1996-02-23,156000000
1806,210,195,1983-10-02,958000000
1807,239,410,2010-04-08,324000000
1808,181,379,1973-12-24,166000000
1809,54,15,2012-08-05,367000000
1810,134,112,1987-07-10,1792000000
1811,368,663,1998-09-21,559000000
1812,213,978,1983-02-28,151000000
1813,669,677,1982-08-24,1094000000
1814,366,849,1981-10-08,994000000
1815,325,245,1998-11-19,842000000
1816,434,223,1992-03-26,1897000000
1817,127,893,1981-01-16,1478000000
1818,653,308,1979-03-03,818000000
1819,411,628,2008-08-29,741000000
1820,329,559,2001-02-05,115000000
1821,216,677,1992-04-04,1157000000
1822,610,998,2014-04-27,1400000000
1823,255,340,2008-02-21,1890000000
1824,649,197,2014-01-28,1035000000
1825,132,8,1998-09-03,715000000
1826,564,735,1993-09-21,1620000000
1827,582,181,1975-11-29,1155000000
1828,632,465,1990-09-18,1359000000
1829,104,627,1998-09-04,1265000000
1830,451,23,2006-11-17,928000000
1831,539,231,1997-12-03,231000000
1832,322,102,2001-12-27,583000000
1833,380,335,2005-12-26,1470000000
1834,44,297,1992-05-29,1746000000
1835,479,840,2009-08-27,1459000000
1836,492,480,2003-04-24,666000000
1837,696,266,1982-11-24,491000000
1838,501,982,1975-12-01,1039000000
1839,690,745,2000-09-16,579000000
1840,117,750,2005-09-17,784000000
1841,195,202,1993-01-28,577000000
1842,59,806,1990-05-22,1846000000
1843,401,960,2015-06-21,1256000000
1844,250,198,2014-08-30,1958000000
1845,686,299,1973-04-06,635000000
1846,647,366,1986-12-17,1537000000
1847,479,463,2000-05-25,996000000
1848,401,143,2019-08-19,851000000
1849,333,518,1997-05-03,1973000000
1850,321,141,1994-06-28,841000000
1851,657,859,2022-03-16,1189000000
1852,692,344,2000-05-20,556000000
1853,224,768,2000-09-22,1247000000
1854,509,784,2005-03-30,447000000
1855,487,966,1981-11-03,892000000
1856,609,431,1999-10-04,1080000000
1857,429,805,1973-06-24,1498000000
1858,144,325,1978-05-30,237000000
1859,428,507,2014-05-07,206000000
1860,508,619,1997-11-21,897000000
1861,682,136,2002-06-20,1427000000
1862,282,550,2011-04-27,1022000000
1863,638,572,2015-02-15,924000000
1864,165,885,1970-03-15,489000000
1865,424,524,2017-02-18,1856000000
1866,250,768,2007-12-05,605000000
1867,281,260,2011-10-13,876000000
1868,582,861,1978-02-17,238000000
1869,323,212,1986-09-19,1846000000
1870,617,510,2009-10-17,1692000000
1871,576,671,2019-07-10,489000000
1872,134,456,2009-02-07,1152000000
1873,435,103,2020-05-12,1614000000
1874,522,131,1970-07-27,1189000000
1875,208,742,2017-04-17,1327000000
1876,388,984,1998-08-11,914000000
1877,378,538,2011-05-19,254000000
1878,428,602,1972-01-12,704000000
1879,461,719,1972-06-07,349000000
1880,553,623,1978-03-13,1645000000
1881,522,551,2021-01-08,486000000
1882,365,226,1973-09-28,1173000000
1883,46,998,2009-03-27,972000000
1884,460,723,1996-09-28,112000000
1885,151,738,1981-10-06,726000000
1886,285,147,1977-07-28,380000000
1887,628,449,2017-01-16,1574000000
1888,189,207,1991-05-06,1276000000
1889,84,20,2019-12-24,613000000
1890,222,978,2019-10-31,1185000000
1891,244,830,1984-01-08,1519000000
1892,27,335,2013-06-18,216000000
1893,340,525,2008-02-08,134000000
1894,233,212,1986-04-10,1033000000
1895,49,508,1984-01-02,1006000000
1896,181,121,1971-10-12,994000000
1897,483,611,2012-02-12,1941000000
1898,435,810,2000-05-12,1967000000
1899,284,520,1997-06-29,1698000000
1900,416,497,1996-08-05,1877000000
1901,222,766,1985-03-29,256000000
1902,172,616,1977-06-01,1391000000
1903,579,268,2014-04-12,1029000000
1904,156,80,2006-10-01,1771000000
1905,351,77,1970-12-31,521000000
1906,637,815,1978-01-16,180000000
1907,531,459,1981-10-22,1725000000
1908,249,922,2022-06-12,1277000000
1909,51,431,2013-03-10,1339000000
1910,45,163,1990-09-11,1988000000
1911,700,259,2018-01-30,164000000
1912,384,639,2023-05-22,1688000000
1913,233,682,1974-10-22,1231000000
1914,575,777,1972-04-15,1809000000
1915,231,825,2017-06-23,714000000
1916,584,34,2007-11-30,725000000
1917,194,592,2007-09-18,440000000
1918,263,970,2007-03-11,1657000000
1919,113,708,2017-01-23,788000000
1920,50,278,1988-06-23,1413000000
1921,55,720,1988-01-20,1929000000
1922,144,395,2020-06-13,1446000000
1923,583,462,2006-12-22,682000000
1924,257,885,2010-12-05,1399000000
1925,5,237,1983-07-31,1715000000
1926,253,806,2017-07-20,710000000
1927,109,911,1973-11-17,1249000000
1928,655,519,1989-02-24,1738000000
1929,306,649,2000-06-21,604000000
1930,103,635,2019-02-20,1713000000
1931,270,79,2019-11-15,1704000000
1932,590,358,2020-05-16,601000000
1933,626,835,2017-01-14,1888000000
1934,291,490,1970-07-04,1476000000
1935,499,665,2007-11-29,916000000
1936,198,414,1970-04-18,411000000
1937,269,158,1986-05-26,308000000
1938,614,805,1998-06-08,1629000000
1939,367,295,2011-05-13,461000000
1940,21,738,1998-07-10,1755000000
1941,440,765,2003-11-14,1475000000
1942,11,510,1988-07-22,1372000000
1943,596,136,1997-04-26,1298000000
1944,449,763,1974-05-24,437000000
1945,311,12,1990-05-17,1177000000
1946,632,317,1983-04-02,1069000000
1947,463,426,1997-03-07,1464000000
1948,73,907,1996-12-24,1855000000
1949,545,283,2006-12-24,1528000000
1950,576,617,2016-06-11,1938000000
1951,515,37,2017-11-13,151000000
1952,453,823,2002-12-20,956000000
1953,644,473,1989-12-01,828000000
1954,42,254,1988-10-23,1411000000
1955,657,321,2003-06-17,282000000
1956,182,688,2008-09-26,387000000
1957,55,818,1977-08-11,1065000000
1958,155,730,1984-02-11,1562000000
1959,222,682,1989-08-01,1839000000
1960,597,566,2020-05-30,1627000000
1961,416,77,1971-08-04,514000000
1962,57,86,1989-03-13,1371000000
1963,670,899,1996-04-03,436000000
1964,259,461,1981-04-01,1406000000
1965,287,760,1996-04-07,772000000
1966,444,308,1974-04-07,1995000000
1967,628,179,1998-09-10,1237000000
1968,589,917,2001-05-04,1364000000
1969,605,285,2021-07-04,1204000000
1970,610,967,2001-10-01,943000000
1971,185,674,1986-07-29,491000000
1972,418,942,1996-11-30,391000000
1973,247,540,1995-07-08,1716000000
1974,481,780,1976-12-13,1010000000
1975,299,748,2021-01-12,1583000000
1976,695,796,1977-03-04,657000000
1977,317,375,2007-06-19,1565000000
1978,131,28,2005-02-19,473000000
1979,247,474,1995-11-21,1034000000
1980,306,276,2000-04-09,639000000
1981,673,546,1973-10-04,1754000000
1982,158,410,2015-04-28,1260000000
1983,363,875,2021-02-23,1554000000
1984,484,799,1978-01-11,1488000000
1985,583,360,1987-07-24,825000000
1986,243,187,1979-12-05,1950000000
1987,667,723,1983-04-19,1581000000
1988,158,947,1976-06-11,868000000
1989,214,707,1997-05-10,312000000
1990,530,785,2020-02-18,883000000
1991,142,72,1982-07-24,1639000000
1992,549,166,2019-04-21,371000000
1993,589,44,1973-10-12,620000000
1994,399,569,2004-05-07,797000000
1995,394,252,1992-01-02,1695000000
1996,383,230,1975-12-19,744000000
1997,304,981,1997-02-18,1514000000
1998,171,340,2020-02-02,1214000000
1999,510,659,1984-02-06,946000000
2000,66,837,1973-02-14,1516000000
